"territorio historico,clase,comunidad autónoma de nacimiento,sexo,1991,1992,1993,1994,1995,1996,1997,1998,1999,2000,2001,2002,2003,2004,2005,2006,2007,2008,2009,2010,2011,2012,2013,2014,2015,2016,2017,2018,2019"
"Euskadi,Inmigraciones,Total,Total,12140,9006,9554,10809,11316,11299,12496,14372,16103,22286,28243,28386,30851,32859,36646,42468,46729,44630,38368,38591,41011,34362,33987,35491,35917,40126,41861,46982,52306"
"Euskadi,Inmigraciones,Total,Hombres,5815,4518,4790,5508,5660,5518,6263,7180,8034,11383,14825,14875,15903,17088,18824,21580,25170,24088,20516,20651,22025,18093,18007,18591,18466,20370,21213,24279,26926"
"Euskadi,Inmigraciones,Total,Mujeres,6325,4488,4764,5301,5656,5781,6233,7192,8069,10903,13418,13511,14948,15771,17822,20888,21559,20542,17852,17940,18986,16269,15980,16900,17451,19756,20648,22703,25380"
"Euskadi,Inmigraciones,Andalucia,Total,620,398,444,664,513,499,589,566,557,697,822,674,661,688,660,625,655,715,789,882,986,924,972,996,1020,1098,1023,1084,1040"
"Euskadi,Inmigraciones,Andalucia,Hombres,295,210,217,374,250,268,304,286,302,372,471,363,371,377,316,320,329,370,423,457,502,495,481,514,542,588,559,588,581"
"Euskadi,Inmigraciones,Andalucia,Mujeres,325,188,227,290,263,231,285,280,255,325,351,311,290,311,344,305,326,345,366,425,484,429,491,482,478,510,464,496,459"
"Euskadi,Inmigraciones,Aragon,Total,197,154,151,151,155,177,147,213,211,228,236,227,209,211,182,199,168,184,205,206,224,265,266,307,221,306,285,273,236"
"Euskadi,Inmigraciones,Aragon,Hombres,89,86,72,78,68,87,85,101,104,92,137,119,103,112,88,83,73,90,104,93,114,138,124,149,111,150,160,141,113"
"Euskadi,Inmigraciones,Aragon,Mujeres,108,68,79,73,87,90,62,112,107,136,99,108,106,99,94,116,95,94,101,113,110,127,142,158,110,156,125,132,123"
"Euskadi,Inmigraciones,Asturias,Total,201,150,127,184,178,141,209,280,225,255,288,277,273,273,211,216,234,215,242,271,302,318,251,317,265,329,337,356,364"
"Euskadi,Inmigraciones,Asturias,Hombres,77,72,67,91,90,75,110,141,116,122,156,166,140,133,96,102,133,117,142,128,146,153,122,159,135,169,152,192,178"
"Euskadi,Inmigraciones,Asturias,Mujeres,124,78,60,93,88,66,99,139,109,133,132,111,133,140,115,114,101,98,100,143,156,165,129,158,130,160,185,164,186"
"Euskadi,Inmigraciones,Islas Baleares,Total,24,23,27,29,41,39,33,36,42,67,71,47,77,64,55,51,65,58,58,67,70,104,77,89,84,94,107,86,73"
"Euskadi,Inmigraciones,Islas Baleares,Hombres,14,10,17,20,21,15,14,20,20,30,40,21,29,26,24,26,32,36,28,29,29,51,46,51,33,46,52,35,43"
"Euskadi,Inmigraciones,Islas Baleares,Mujeres,10,13,10,9,20,24,19,16,22,37,31,26,48,38,31,25,33,22,30,38,41,53,31,38,51,48,55,51,30"
"Euskadi,Inmigraciones,Canarias,Total,45,34,60,57,75,62,68,65,73,103,128,120,125,116,122,109,128,152,151,171,248,164,233,224,208,220,210,183,183"
"Euskadi,Inmigraciones,Canarias,Hombres,15,13,30,30,32,26,39,23,36,57,64,64,56,64,64,54,83,74,77,95,121,96,117,121,106,107,113,107,91"
"Euskadi,Inmigraciones,Canarias,Mujeres,30,21,30,27,43,36,29,42,37,46,64,56,69,52,58,55,45,78,74,76,127,68,116,103,102,113,97,76,92"
"Euskadi,Inmigraciones,Cantabria,Total,400,320,313,354,380,399,410,485,459,453,545,518,490,567,532,499,473,471,518,526,544,559,473,520,491,569,554,509,599"
"Euskadi,Inmigraciones,Cantabria,Hombres,193,160,153,154,187,209,190,239,224,229,290,249,243,295,270,236,245,262,273,281,274,280,223,264,255,293,279,265,299"
"Euskadi,Inmigraciones,Cantabria,Mujeres,207,160,160,200,193,190,220,246,235,224,255,269,247,272,262,263,228,209,245,245,270,279,250,256,236,276,275,244,300"
"Euskadi,Inmigraciones,Castilla y Leon,Total,2371,1430,1545,1627,1810,1873,1936,2142,2173,2330,2480,2210,2297,2145,1916,1854,1880,1776,1691,1740,1946,1858,1822,1752,1806,1884,1839,1824,1748"
"Euskadi,Inmigraciones,Castilla y Leon,Hombres,1085,694,788,809,913,897,985,1044,1113,1170,1307,1120,1153,1048,942,894,925,835,832,833,959,910,916,888,884,941,913,979,905"
"Euskadi,Inmigraciones,Castilla y Leon,Mujeres,1286,736,757,818,897,976,951,1098,1060,1160,1173,1090,1144,1097,974,960,955,941,859,907,987,948,906,864,922,943,926,845,843"
"Euskadi,Inmigraciones,Castilla0La Mancha,Total,159,105,107,148,151,145,154,161,190,321,427,197,212,196,158,160,182,202,198,197,265,264,299,321,299,287,279,300,266"
"Euskadi,Inmigraciones,Castilla0La Mancha,Hombres,77,54,48,74,80,67,77,78,91,172,255,97,120,105,79,72,93,102,113,104,135,139,135,150,139,148,142,158,150"
"Euskadi,Inmigraciones,Castilla0La Mancha,Mujeres,82,51,59,74,71,78,77,83,99,149,172,100,92,91,79,88,89,100,85,93,130,125,164,171,160,139,137,142,116"
"Euskadi,Inmigraciones,Catalunya,Total,270,192,207,265,255,247,253,283,322,514,616,393,439,459,476,499,505,555,523,533,631,697,747,720,774,731,630,679,623"
"Euskadi,Inmigraciones,Catalunya,Hombres,132,97,102,141,119,112,124,134,173,233,284,205,212,254,245,251,272,291,270,271,319,334,391,351,365,377,324,364,333"
"Euskadi,Inmigraciones,Catalunya,Mujeres,138,95,105,124,136,135,129,149,149,281,332,188,227,205,231,248,233,264,253,262,312,363,356,369,409,354,306,315,290"
"Euskadi,Inmigraciones,Comunidad Valenciana,Total,163,85,122,133,119,107,147,180,166,204,255,228,231,233,211,222,270,291,346,429,434,472,477,587,527,462,460,437,401"
"Euskadi,Inmigraciones,Comunidad Valenciana,Hombres,69,39,52,75,57,47,71,91,79,107,142,121,105,115,104,100,126,146,169,209,233,235,262,295,261,229,223,217,210"
"Euskadi,Inmigraciones,Comunidad Valenciana,Mujeres,94,46,70,58,62,60,76,89,87,97,113,107,126,118,107,122,144,145,177,220,201,237,215,292,266,233,237,220,191"
"Euskadi,Inmigraciones,Extremadura,Total,547,415,349,398,466,511,480,546,540,670,660,546,577,478,481,429,464,384,391,384,463,449,443,458,478,465,441,455,434"
"Euskadi,Inmigraciones,Extremadura,Hombres,260,214,185,211,237,225,237,267,276,361,364,320,302,245,239,200,238,185,205,190,236,254,222,225,254,250,235,250,232"
"Euskadi,Inmigraciones,Extremadura,Mujeres,287,201,164,187,229,286,243,279,264,309,296,226,275,233,242,229,226,199,186,194,227,195,221,233,224,215,206,205,202"
"Euskadi,Inmigraciones,Galicia,Total,784,470,399,532,534,549,633,707,729,875,1011,851,852,845,831,737,702,688,630,685,685,695,692,667,726,690,707,649,645"
"Euskadi,Inmigraciones,Galicia,Hombres,405,252,212,277,280,245,336,393,377,506,567,471,487,470,447,396,373,359,327,377,374,361,350,360,383,391,382,358,341"
"Euskadi,Inmigraciones,Galicia,Mujeres,379,218,187,255,254,304,297,314,352,369,444,380,365,375,384,341,329,329,303,308,311,334,342,307,343,299,325,291,304"
"Euskadi,Inmigraciones,Madrid,Total,409,362,379,451,464,480,502,596,629,719,828,604,631,683,666,600,669,650,682,683,817,841,925,885,940,879,894,964,1025"
"Euskadi,Inmigraciones,Madrid,Hombres,193,182,178,224,227,218,250,311,326,415,513,308,341,340,319,309,339,326,367,367,403,439,471,449,469,452,478,519,537"
"Euskadi,Inmigraciones,Madrid,Mujeres,216,180,201,227,237,262,252,285,303,304,315,296,290,343,347,291,330,324,315,316,414,402,454,436,471,427,416,445,488"
"Euskadi,Inmigraciones,Murcia,Total,59,44,19,67,48,49,42,42,53,42,43,58,62,60,55,53,67,113,99,111,104,103,137,202,166,171,144,182,179"
"Euskadi,Inmigraciones,Murcia,Hombres,25,18,9,42,24,24,21,21,20,24,24,37,24,26,23,26,36,57,59,52,49,52,61,104,86,90,62,91,78"
"Euskadi,Inmigraciones,Murcia,Mujeres,34,26,10,25,24,25,21,21,33,18,19,21,38,34,32,27,31,56,40,59,55,51,76,98,80,81,82,91,101"
"Euskadi,Inmigraciones,Navarra,Total,726,363,406,460,500,582,462,519,518,558,592,612,623,584,667,579,553,548,515,507,569,583,619,574,593,565,617,685,638"
"Euskadi,Inmigraciones,Navarra,Hombres,311,163,201,227,208,268,218,238,250,278,272,287,278,285,311,243,261,265,234,221,256,273,308,283,279,281,304,331,307"
"Euskadi,Inmigraciones,Navarra,Mujeres,415,200,205,233,292,314,244,281,268,280,320,325,345,299,356,336,292,283,281,286,313,310,311,291,314,284,313,354,331"
"Euskadi,Inmigraciones,Euskadi,Total,3288,3188,3609,3786,3953,4152,4281,4683,4941,5913,6549,5969,6537,6175,6197,5897,5853,5918,6219,6299,6923,6639,5795,6800,6585,6553,6339,5934,6049"
"Euskadi,Inmigraciones,Euskadi,Hombres,1606,1593,1800,1919,2068,2111,2188,2448,2512,3093,3445,3076,3337,3180,3143,2979,2968,2999,3284,3324,3664,3568,3023,3642,3558,3475,3390,3156,3259"
"Euskadi,Inmigraciones,Euskadi,Mujeres,1682,1595,1809,1867,1885,2041,2093,2235,2429,2820,3104,2893,3200,2995,3054,2918,2885,2919,2935,2975,3259,3071,2772,3158,3027,3078,2949,2778,2790"
"Euskadi,Inmigraciones,La Rioja,Total,328,243,300,302,309,402,359,376,412,431,439,401,352,421,333,385,325,317,323,321,356,356,350,369,352,378,351,334,341"
"Euskadi,Inmigraciones,La Rioja,Hombres,153,119,148,148,141,192,150,172,198,205,232,190,184,210,149,185,152,160,150,151,177,181,177,189,171,182,169,162,172"
"Euskadi,Inmigraciones,La Rioja,Mujeres,175,124,152,154,168,210,209,204,214,226,207,211,168,211,184,200,173,157,173,170,179,175,173,180,181,196,182,172,169"
"Euskadi,Inmigraciones,Ceuta - Melilla,Total,16,10,17,32,20,14,27,27,38,40,64,41,44,38,31,32,13,25,27,48,41,36,41,63,49,41,44,44,59"
"Euskadi,Inmigraciones,Ceuta - Melilla,Hombres,7,5,10,16,6,8,12,16,15,22,34,17,23,23,15,19,5,13,17,31,21,18,20,28,22,23,25,21,39"
"Euskadi,Inmigraciones,Ceuta - Melilla,Mujeres,9,5,7,16,14,6,15,11,23,18,30,24,21,15,16,13,8,12,10,17,20,18,21,35,27,18,19,23,20"
"Euskadi,Inmigraciones,Extranjero,Total,1533,1020,973,1169,1345,871,1764,2465,3825,7866,12189,14413,16159,18623,22862,29322,33523,31368,24761,24531,25403,19035,19368,19640,20333,24404,26600,32004,37403"
"Euskadi,Inmigraciones,Extranjero,Hombres,809,537,501,598,652,424,852,1157,1802,3895,6228,7644,8395,9780,11950,15085,18487,17401,13442,13438,14013,10116,10558,10369,10413,12178,13251,16345,19058"
"Euskadi,Inmigraciones,Extranjero,Mujeres,724,483,472,571,693,447,912,1308,2023,3971,5961,6769,7764,8843,10912,14237,15036,13967,11319,11093,11390,8919,8810,9271,9920,12226,13349,15659,18345"
"Euskadi,Emigraciones,Total,Total,14751,13668,14096,16179,16130,14356,14234,16585,17291,18383,20382,22304,25987,24743,24390,30641,29894,29941,31815,33425,32819,34589,35943,31889,32555,31255,31136,32258,32838"
"Euskadi,Emigraciones,Total,Hombres,7258,6921,7078,8195,8240,7243,7257,8376,8665,9293,10522,11529,13458,13022,13162,16259,15908,16353,17758,18630,18247,19401,19913,17290,17544,16824,16674,17039,17396"
"Euskadi,Emigraciones,Total,Mujeres,7492,6747,7018,7984,7890,7113,6977,8209,8626,9090,9860,10775,12529,11721,11228,14382,13986,13588,14057,14795,14572,15188,16030,14599,15011,14431,14462,15219,15442"
"Euskadi,Emigraciones,Andalucia,Total,869,698,633,806,742,534,541,612,699,694,742,791,839,786,671,705,646,567,598,670,687,685,690,736,745,714,651,796,772"
"Euskadi,Emigraciones,Andalucia,Hombres,442,356,345,451,396,270,282,302,381,370,413,421,487,440,372,370,348,306,317,361,368,376,354,396,384,411,339,422,446"
"Euskadi,Emigraciones,Andalucia,Mujeres,426,342,288,355,346,264,259,310,318,324,329,370,352,346,299,335,298,261,281,309,319,309,336,340,361,303,312,374,326"
"Euskadi,Emigraciones,Aragon,Total,141,127,131,151,158,115,150,150,162,131,189,184,208,166,147,185,153,123,172,146,155,176,138,173,152,170,186,217,180"
"Euskadi,Emigraciones,Aragon,Hombres,59,66,78,88,70,58,76,72,81,63,93,96,124,93,70,84,90,65,73,87,86,90,64,101,78,87,100,110,98"
"Euskadi,Emigraciones,Aragon,Mujeres,81,61,53,63,88,57,74,78,81,68,96,88,84,73,77,101,63,58,99,59,69,86,74,72,74,83,86,107,82"
"Euskadi,Emigraciones,Asturias,Total,178,137,181,141,180,108,163,208,215,225,203,239,243,246,225,227,222,205,184,204,207,231,198,194,246,215,201,253,249"
"Euskadi,Emigraciones,Asturias,Hombres,97,69,95,68,86,57,72,95,108,112,109,134,147,135,119,113,104,115,105,104,118,125,97,105,122,114,102,122,115"
"Euskadi,Emigraciones,Asturias,Mujeres,81,68,86,73,94,51,91,114,107,113,94,105,96,111,106,114,118,90,79,100,89,106,101,89,124,101,99,131,134"
"Euskadi,Emigraciones,Islas Baleares,Total,26,26,19,26,30,15,19,33,38,29,32,37,39,45,27,34,34,41,51,40,46,55,72,56,55,58,77,75,65"
"Euskadi,Emigraciones,Islas Baleares,Hombres,15,16,13,15,18,8,12,10,20,13,18,24,21,21,11,18,12,20,29,20,21,30,30,28,26,28,40,35,27"
"Euskadi,Emigraciones,Islas Baleares,Mujeres,10,10,6,11,12,7,7,24,17,16,14,13,18,24,16,16,22,21,22,20,25,25,42,28,29,30,37,40,38"
"Euskadi,Emigraciones,Canarias,Total,50,33,48,49,53,33,44,30,50,40,58,49,94,73,60,74,83,96,95,98,116,167,145,145,152,137,133,144,158"
"Euskadi,Emigraciones,Canarias,Hombres,23,17,17,25,31,18,17,20,15,13,26,35,45,39,32,41,40,55,56,47,61,97,80,75,83,71,63,73,92"
"Euskadi,Emigraciones,Canarias,Mujeres,26,16,31,24,22,15,26,11,36,27,32,14,49,34,28,33,43,41,39,51,55,70,65,70,69,66,70,71,66"
"Euskadi,Emigraciones,Cantabria,Total,328,327,321,452,411,265,346,509,501,509,466,537,568,540,473,563,511,466,427,472,446,371,344,380,411,411,397,421,384"
"Euskadi,Emigraciones,Cantabria,Hombres,144,162,144,214,194,117,170,251,250,255,231,263,281,266,236,277,263,247,226,235,235,204,187,191,221,212,199,215,205"
"Euskadi,Emigraciones,Cantabria,Mujeres,183,165,177,238,217,148,176,258,250,254,235,274,287,274,237,286,248,219,201,237,211,167,157,189,190,199,198,206,179"
"Euskadi,Emigraciones,Castilla y Leon,Total,2172,1966,2094,2386,2235,1604,1963,2181,2310,2407,2306,2438,2587,2143,2123,2364,2101,1825,1672,1855,1687,1402,1405,1519,1456,1392,1356,1523,1509"
"Euskadi,Emigraciones,Castilla y Leon,Hombres,1094,1007,1068,1230,1159,822,1033,1115,1211,1263,1246,1283,1368,1108,1153,1262,1103,983,882,937,883,731,701,788,772,723,712,743,782"
"Euskadi,Emigraciones,Castilla y Leon,Mujeres,1078,959,1026,1156,1076,782,930,1065,1099,1144,1060,1155,1219,1035,970,1102,998,842,790,918,804,671,704,731,684,669,644,780,727"
"Euskadi,Emigraciones,Castilla0La Mancha,Total,257,191,175,238,201,130,197,156,173,205,245,258,289,283,203,206,175,170,165,181,154,161,170,168,207,175,178,197,209"
"Euskadi,Emigraciones,Castilla0La Mancha,Hombres,124,99,98,131,112,66,98,81,89,107,146,150,146,134,105,109,84,92,90,105,87,85,82,82,111,98,77,109,105"
"Euskadi,Emigraciones,Castilla0La Mancha,Mujeres,133,92,77,107,89,64,99,75,84,98,99,108,143,149,98,97,91,78,75,76,67,76,88,86,96,77,101,88,104"
"Euskadi,Emigraciones,Catalunya,Total,197,176,160,197,174,130,131,184,202,207,243,280,297,307,308,342,328,310,317,369,351,372,407,485,477,441,446,448,479"
"Euskadi,Emigraciones,Catalunya,Hombres,100,93,70,93,85,70,53,85,87,108,112,136,127,154,157,185,172,166,173,200,186,195,190,260,251,221,232,222,263"
"Euskadi,Emigraciones,Catalunya,Mujeres,97,83,90,104,89,60,78,99,115,99,131,144,170,153,151,157,156,144,144,169,165,177,217,225,226,220,214,226,216"
"Euskadi,Emigraciones,Comunidad Valenciana,Total,160,101,100,104,101,93,85,98,126,122,129,149,198,158,169,156,169,172,181,226,240,262,249,318,318,352,293,284,355"
"Euskadi,Emigraciones,Comunidad Valenciana,Hombres,81,48,43,51,61,48,42,40,64,57,62,79,98,83,83,82,88,91,90,129,120,140,129,157,172,183,165,146,177"
"Euskadi,Emigraciones,Comunidad Valenciana,Mujeres,78,53,57,53,40,45,43,57,62,65,67,70,100,75,86,74,81,81,91,97,120,122,120,161,146,169,128,138,178"
"Euskadi,Emigraciones,Extremadura,Total,777,699,748,821,751,579,601,660,694,676,668,705,752,706,643,615,573,491,517,529,426,395,443,387,408,378,356,386,380"
"Euskadi,Emigraciones,Extremadura,Hombres,387,358,384,420,393,311,323,338,342,355,378,370,375,374,335,328,294,276,289,312,241,207,239,212,228,200,206,211,203"
"Euskadi,Emigraciones,Extremadura,Mujeres,389,341,364,401,358,268,279,322,352,321,290,335,377,332,308,287,279,215,228,217,185,188,204,175,180,178,150,175,177"
"Euskadi,Emigraciones,Galicia,Total,861,777,815,912,833,620,741,782,804,882,977,1049,1041,977,932,959,920,746,787,749,722,699,644,646,693,576,577,637,593"
"Euskadi,Emigraciones,Galicia,Hombres,430,395,436,476,428,321,403,438,444,465,511,598,581,541,510,548,508,421,451,421,406,419,351,363,377,309,312,339,320"
"Euskadi,Emigraciones,Galicia,Mujeres,431,382,379,436,405,299,338,344,360,417,466,451,460,436,422,411,412,325,336,328,316,280,293,283,316,267,265,298,273"
"Euskadi,Emigraciones,Madrid,Total,343,297,247,300,352,246,256,345,388,393,462,447,609,550,453,517,511,555,466,497,551,572,564,547,645,585,539,597,603"
"Euskadi,Emigraciones,Madrid,Hombres,147,147,126,149,193,131,129,178,189,201,268,244,309,326,250,254,271,280,247,276,274,294,286,295,321,310,265,323,307"
"Euskadi,Emigraciones,Madrid,Mujeres,196,150,121,151,159,115,127,167,199,192,194,203,300,224,203,263,240,275,219,221,277,278,278,252,324,275,274,274,296"
"Euskadi,Emigraciones,Murcia,Total,81,55,35,52,37,33,47,53,45,40,37,41,58,58,37,55,48,62,61,69,57,57,63,65,78,82,94,96,101"
"Euskadi,Emigraciones,Murcia,Hombres,39,24,14,28,24,15,24,26,20,25,23,22,39,29,21,24,24,32,34,36,31,29,28,36,32,33,51,45,49"
"Euskadi,Emigraciones,Murcia,Mujeres,42,31,21,24,13,18,23,28,25,15,14,19,19,29,16,31,24,30,27,33,26,28,35,29,46,49,43,51,52"
"Euskadi,Emigraciones,Navarra,Total,379,327,388,426,436,343,343,428,444,437,395,423,490,463,422,448,440,435,410,396,377,372,366,411,434,386,412,416,398"
"Euskadi,Emigraciones,Navarra,Hombres,188,159,175,204,214,158,165,207,221,217,188,193,215,222,205,212,198,206,206,179,173,163,173,214,213,196,181,197,182"
"Euskadi,Emigraciones,Navarra,Mujeres,191,168,213,222,222,185,177,221,223,220,207,230,275,241,217,236,242,229,204,217,204,209,193,197,221,190,231,219,216"
"Euskadi,Emigraciones,Euskadi,Total,7199,7029,7243,8353,8573,8837,7951,9306,9364,9753,10910,10892,12908,11618,10492,11060,11331,9978,8988,8996,9034,7864,9500,8724,9248,8580,8794,9266,9157"
"Euskadi,Emigraciones,Euskadi,Hombres,3530,3527,3578,4172,4320,4424,4044,4702,4628,4845,5528,5432,6520,5816,5301,5631,5696,4966,4548,4582,4582,4006,4880,4473,4801,4427,4571,4787,4745"
"Euskadi,Emigraciones,Euskadi,Mujeres,3668,3502,3665,4181,4253,4413,3907,4604,4736,4908,5382,5460,6388,5802,5191,5429,5635,5012,4440,4414,4452,3858,4620,4251,4447,4153,4223,4479,4412"
"Euskadi,Emigraciones,La Rioja,Total,313,231,287,285,337,220,315,336,416,352,344,331,417,328,292,292,322,331,279,306,281,281,292,311,317,291,213,299,273"
"Euskadi,Emigraciones,La Rioja,Hombres,147,125,139,156,177,115,149,162,198,166,175,170,201,183,133,143,151,166,146,145,149,145,152,148,154,143,97,151,147"
"Euskadi,Emigraciones,La Rioja,Mujeres,166,106,148,129,160,105,166,174,218,186,169,161,216,145,159,149,171,165,133,161,132,136,140,163,163,148,116,148,126"
"Euskadi,Emigraciones,Ceuta - Melilla,Total,45,22,11,33,29,23,18,18,16,22,24,28,50,50,29,29,21,20,27,30,26,35,28,42,48,24,25,27,42"
"Euskadi,Emigraciones,Ceuta - Melilla,Hombres,26,17,5,15,14,14,10,9,10,13,10,18,28,24,16,13,8,12,18,10,13,19,17,23,20,15,15,19,24"
"Euskadi,Emigraciones,Ceuta - Melilla,Mujeres,18,5,6,18,15,9,7,9,5,9,14,10,22,26,13,16,13,8,9,20,13,16,11,19,28,9,10,8,18"
"Euskadi,Emigraciones,Extranjero,Total,365,449,460,447,497,428,324,496,643,1259,1952,3426,4300,5246,6684,11810,11306,13348,16418,17592,17256,20432,20225,16582,16465,16288,16208,16176,16931"
"Euskadi,Emigraciones,Extranjero,Hombres,177,236,250,209,265,220,154,245,305,645,985,1861,2346,3034,4053,6565,6454,7854,9778,10444,10213,12046,11873,9343,9178,9043,8947,8770,9109"
"Euskadi,Emigraciones,Extranjero,Mujeres,188,213,210,238,232,208,170,251,338,614,967,1565,1954,2212,2631,5245,4852,5494,6640,7148,7043,8386,8352,7239,7287,7245,7261,7406,7822"
"Araba/Alava,Inmigraciones,Total,Total,2154,1613,1678,2033,2356,2416,2420,2648,3003,4266,5233,5649,5586,6585,6606,7297,8296,8302,7305,7355,7666,5714,6093,6660,6220,6897,7333,8128,8378"
"Araba/Alava,Inmigraciones,Total,Hombres,1020,825,861,1036,1197,1217,1251,1343,1537,2291,2794,3048,3029,3582,3570,3961,4730,4631,4119,4191,4366,3126,3324,3579,3244,3696,3736,4381,4444"
"Araba/Alava,Inmigraciones,Total,Mujeres,1134,788,817,997,1159,1199,1169,1305,1466,1975,2439,2601,2557,3003,3036,3336,3566,3671,3186,3164,3300,2588,2769,3081,2976,3201,3597,3747,3934"
"Araba/Alava,Inmigraciones,Andalucia,Total,133,88,91,123,131,114,111,99,92,133,113,125,117,114,128,110,129,137,137,183,174,130,181,187,192,239,225,245,213"
"Araba/Alava,Inmigraciones,Andalucia,Hombres,66,44,39,69,68,61,57,46,41,75,65,65,67,59,60,55,64,82,67,97,78,67,108,86,108,132,109,141,116"
"Araba/Alava,Inmigraciones,Andalucia,Mujeres,67,44,52,54,63,53,54,53,51,58,48,60,50,55,68,55,65,55,70,86,96,63,73,101,84,107,116,104,97"
"Araba/Alava,Inmigraciones,Aragon,Total,37,33,22,33,32,43,33,42,22,31,41,48,33,35,44,42,34,34,42,54,51,59,61,70,40,53,52,66,41"
"Araba/Alava,Inmigraciones,Aragon,Hombres,14,15,12,14,13,27,22,19,13,14,20,22,15,22,21,17,17,18,20,25,24,34,26,31,18,25,30,30,19"
"Araba/Alava,Inmigraciones,Aragon,Mujeres,23,18,10,19,19,16,11,23,9,17,21,26,18,13,23,25,17,16,22,29,27,25,35,39,22,28,22,36,22"
"Araba/Alava,Inmigraciones,Asturias,Total,23,26,21,30,27,38,27,30,44,52,47,47,46,56,31,48,41,36,43,55,52,49,42,53,47,48,54,53,63"
"Araba/Alava,Inmigraciones,Asturias,Hombres,10,14,15,15,16,23,19,18,27,23,21,30,22,25,17,25,25,21,22,21,24,31,24,32,21,27,24,23,36"
"Araba/Alava,Inmigraciones,Asturias,Mujeres,13,12,6,15,11,15,8,12,17,29,26,17,24,31,14,23,16,15,21,34,28,18,18,21,26,21,30,30,27"
"Araba/Alava,Inmigraciones,Islas Baleares,Total,4,6,8,11,8,4,5,3,1,6,3,9,8,9,6,8,7,9,19,17,15,14,6,15,13,9,14,11,5"
"Araba/Alava,Inmigraciones,Islas Baleares,Hombres,2,1,6,7,3,2,2,1,0,2,3,7,4,7,4,7,3,4,13,8,7,7,3,5,4,7,5,6,3"
"Araba/Alava,Inmigraciones,Islas Baleares,Mujeres,2,5,2,4,5,2,3,2,1,4,0,2,4,2,2,1,4,5,6,9,8,7,3,10,9,2,9,5,2"
"Araba/Alava,Inmigraciones,Canarias,Total,6,9,9,9,15,12,19,16,11,14,16,22,19,11,21,17,21,29,26,30,54,35,38,44,41,28,40,35,26"
"Araba/Alava,Inmigraciones,Canarias,Hombres,2,0,5,4,5,3,12,5,7,8,6,11,11,6,13,10,16,15,16,20,28,21,23,23,21,17,23,23,14"
"Araba/Alava,Inmigraciones,Canarias,Mujeres,4,9,4,5,10,9,7,11,4,6,10,11,8,5,8,7,5,14,10,10,26,14,15,21,20,11,17,12,12"
"Araba/Alava,Inmigraciones,Cantabria,Total,50,45,29,48,49,48,37,43,34,47,53,62,52,61,60,61,40,36,45,56,57,57,41,42,58,62,70,63,70"
"Araba/Alava,Inmigraciones,Cantabria,Hombres,25,20,13,22,26,25,19,19,17,21,22,27,24,31,29,35,20,19,20,28,34,29,24,21,31,34,35,32,37"
"Araba/Alava,Inmigraciones,Cantabria,Mujeres,25,25,16,26,23,23,18,24,17,26,31,35,28,30,31,26,20,17,25,28,23,28,17,21,27,28,35,31,33"
"Araba/Alava,Inmigraciones,Castilla y Leon,Total,588,363,389,446,537,539,506,557,499,536,513,527,544,508,418,452,388,430,421,435,464,450,466,462,474,490,507,568,459"
"Araba/Alava,Inmigraciones,Castilla y Leon,Hombres,290,186,202,229,280,274,271,296,263,291,269,259,288,261,232,221,203,199,209,212,243,238,261,240,214,276,240,330,248"
"Araba/Alava,Inmigraciones,Castilla y Leon,Mujeres,298,177,187,217,257,265,235,261,236,245,244,268,256,247,186,231,185,231,212,223,221,212,205,222,260,214,267,238,211"
"Araba/Alava,Inmigraciones,Castilla0La Mancha,Total,33,16,19,26,35,38,34,22,28,39,29,29,38,26,16,27,30,27,30,39,59,35,56,73,53,59,56,61,63"
"Araba/Alava,Inmigraciones,Castilla0La Mancha,Hombres,17,9,7,9,17,18,17,8,11,20,16,14,25,9,9,11,14,14,14,17,26,14,33,36,18,35,26,31,34"
"Araba/Alava,Inmigraciones,Castilla0La Mancha,Mujeres,16,7,12,17,18,20,17,14,17,19,13,15,13,17,7,16,16,13,16,22,33,21,23,37,35,24,30,30,29"
"Araba/Alava,Inmigraciones,Catalunya,Total,52,41,50,52,63,50,50,49,35,71,61,71,78,84,81,91,107,113,95,105,110,126,133,124,142,128,137,118,98"
"Araba/Alava,Inmigraciones,Catalunya,Hombres,24,24,25,31,28,26,31,22,20,33,28,30,44,52,41,45,57,56,53,53,52,52,64,65,71,71,66,59,58"
"Araba/Alava,Inmigraciones,Catalunya,Mujeres,28,17,25,21,35,24,19,27,15,38,33,41,34,32,40,46,50,57,42,52,58,74,69,59,71,57,71,59,40"
"Araba/Alava,Inmigraciones,Comunidad Valenciana,Total,32,27,23,19,22,27,39,27,27,34,35,44,41,49,29,36,47,56,71,112,92,85,102,167,105,105,113,82,65"
"Araba/Alava,Inmigraciones,Comunidad Valenciana,Hombres,15,14,13,11,10,14,14,13,8,16,18,25,20,24,17,14,20,27,37,53,60,41,52,84,46,52,49,45,33"
"Araba/Alava,Inmigraciones,Comunidad Valenciana,Mujeres,17,13,10,8,12,13,25,14,19,18,17,19,21,25,12,22,27,29,34,59,32,44,50,83,59,53,64,37,32"
"Araba/Alava,Inmigraciones,Extremadura,Total,108,72,45,69,90,110,76,89,82,108,96,88,100,83,65,74,67,44,69,68,80,69,81,77,82,103,101,84,70"
"Araba/Alava,Inmigraciones,Extremadura,Hombres,45,40,25,33,45,43,44,42,38,56,53,40,46,44,26,32,41,19,43,34,43,37,36,37,45,58,58,46,42"
"Araba/Alava,Inmigraciones,Extremadura,Mujeres,63,32,20,36,45,67,32,47,44,52,43,48,54,39,39,42,26,25,26,34,37,32,45,40,37,45,43,38,28"
"Araba/Alava,Inmigraciones,Galicia,Total,126,64,66,86,78,126,125,114,113,137,167,137,118,143,127,123,125,107,117,98,121,104,104,99,102,115,117,112,114"
"Araba/Alava,Inmigraciones,Galicia,Hombres,71,37,40,46,44,64,72,65,71,89,97,85,78,73,82,77,68,59,48,62,65,53,54,59,56,68,67,66,61"
"Araba/Alava,Inmigraciones,Galicia,Mujeres,55,27,26,40,34,62,53,49,42,48,70,52,40,70,45,46,57,48,69,36,56,51,50,40,46,47,50,46,53"
"Araba/Alava,Inmigraciones,Madrid,Total,71,61,84,102,118,126,92,108,89,126,80,91,109,120,98,122,117,126,114,133,144,138,174,146,158,162,155,165,151"
"Araba/Alava,Inmigraciones,Madrid,Hombres,31,36,45,49,63,61,39,51,53,80,44,55,51,61,47,67,61,54,61,74,78,67,99,77,84,86,83,90,77"
"Araba/Alava,Inmigraciones,Madrid,Mujeres,40,25,39,53,55,65,53,57,36,46,36,36,58,59,51,55,56,72,53,59,66,71,75,69,74,76,72,75,74"
"Araba/Alava,Inmigraciones,Murcia,Total,18,5,4,8,10,21,5,9,11,6,10,7,7,18,6,4,10,21,21,22,24,19,36,41,51,48,39,48,40"
"Araba/Alava,Inmigraciones,Murcia,Hombres,6,3,1,5,5,8,1,5,4,2,5,6,3,5,2,1,7,3,8,9,7,8,17,18,27,24,16,31,13"
"Araba/Alava,Inmigraciones,Murcia,Mujeres,12,2,3,3,5,13,4,4,7,4,5,1,4,13,4,3,3,18,13,13,17,11,19,23,24,24,23,17,27"
"Araba/Alava,Inmigraciones,Navarra,Total,134,80,96,105,110,120,83,103,98,90,97,140,124,106,132,133,97,89,89,90,120,119,113,118,98,97,110,144,127"
"Araba/Alava,Inmigraciones,Navarra,Hombres,55,29,45,53,43,42,41,49,45,43,48,64,53,59,59,57,48,42,38,44,47,65,56,54,51,54,47,68,57"
"Araba/Alava,Inmigraciones,Navarra,Mujeres,79,51,51,52,67,78,42,54,53,47,49,76,71,47,73,76,49,47,51,46,73,54,57,64,47,43,63,76,70"
"Araba/Alava,Inmigraciones,Euskadi,Total,428,440,436,479,556,536,564,509,550,746,659,814,781,865,790,792,736,718,773,817,835,807,739,957,946,803,803,778,751"
"Araba/Alava,Inmigraciones,Euskadi,Hombres,202,225,213,230,289,272,283,268,256,379,312,388,403,437,376,397,370,348,417,402,440,427,402,504,511,421,411,407,414"
"Araba/Alava,Inmigraciones,Euskadi,Mujeres,226,215,223,249,267,264,281,241,294,367,347,426,378,428,414,395,366,370,356,415,395,380,337,453,435,382,392,371,337"
"Araba/Alava,Inmigraciones,La Rioja,Total,126,105,129,147,173,200,164,162,178,175,159,202,177,213,144,213,179,158,185,163,170,167,170,186,181,180,152,155,156"
"Araba/Alava,Inmigraciones,La Rioja,Hombres,58,55,64,83,82,107,80,80,82,81,79,96,97,97,70,109,80,75,88,81,85,89,77,102,84,92,75,74,85"
"Araba/Alava,Inmigraciones,La Rioja,Mujeres,68,50,65,64,91,93,84,82,96,94,80,106,80,116,74,104,99,83,97,82,85,78,93,84,97,88,77,81,71"
"Araba/Alava,Inmigraciones,Ceuta - Melilla,Total,5,2,6,4,4,3,10,2,8,9,3,8,3,4,6,9,1,5,6,14,11,7,7,11,8,7,4,11,8"
"Araba/Alava,Inmigraciones,Ceuta - Melilla,Hombres,1,1,4,2,3,3,3,2,4,7,2,3,2,2,4,5,1,3,2,10,6,4,2,5,5,6,2,4,6"
"Araba/Alava,Inmigraciones,Ceuta - Melilla,Mujeres,4,1,2,2,1,0,7,0,4,2,1,5,1,2,2,4,0,2,4,4,5,3,5,6,3,1,2,7,2"
"Araba/Alava,Inmigraciones,Extranjero,Total,180,130,151,236,298,261,440,664,1081,1906,3051,3178,3191,4080,4404,4935,6120,6127,5002,4864,5033,3244,3543,3788,3429,4161,4584,5329,5858"
"Araba/Alava,Inmigraciones,Extranjero,Hombres,86,72,87,124,157,144,224,334,577,1051,1686,1821,1776,2308,2461,2776,3615,3573,2943,2941,3019,1842,1963,2100,1829,2211,2370,2875,3091"
"Araba/Alava,Inmigraciones,Extranjero,Mujeres,94,58,64,112,141,117,216,330,504,855,1365,1357,1415,1772,1943,2159,2505,2554,2059,1923,2014,1402,1580,1688,1600,1950,2214,2454,2767"
"Araba/Alava,Emigraciones,Total,Total,1946,1741,1890,2185,2248,1223,2038,2570,2724,2663,2835,3469,4472,3992,4102,5081,4890,5304,4604,6590,5436,7421,6052,5437,5665,5423,5225,5416,5682"
"Araba/Alava,Emigraciones,Total,Hombres,996,874,930,1128,1155,593,1081,1262,1348,1289,1447,1816,2321,2170,2374,2806,2758,3075,2663,4005,3237,4529,3558,3092,3208,3080,2920,2988,3165"
"Araba/Alava,Emigraciones,Total,Mujeres,949,867,960,1057,1093,630,957,1308,1376,1374,1388,1653,2151,1822,1728,2275,2132,2229,1941,2585,2199,2892,2494,2345,2457,2343,2305,2428,2517"
"Araba/Alava,Emigraciones,Andalucia,Total,213,148,123,141,124,81,94,110,150,95,116,169,158,119,115,103,93,110,98,93,106,157,102,121,123,127,136,152,173"
"Araba/Alava,Emigraciones,Andalucia,Hombres,113,78,62,77,66,39,46,58,87,45,64,92,90,65,67,55,55,57,57,58,52,86,54,74,74,72,65,75,103"
"Araba/Alava,Emigraciones,Andalucia,Mujeres,100,70,61,64,58,42,48,51,63,50,52,77,68,54,48,48,38,53,41,35,54,71,48,47,49,55,71,77,70"
"Araba/Alava,Emigraciones,Aragon,Total,25,15,40,16,36,19,25,33,42,21,46,36,33,31,21,24,38,16,46,29,27,38,30,35,24,40,39,50,37"
"Araba/Alava,Emigraciones,Aragon,Hombres,9,12,23,10,12,11,11,15,23,9,25,17,17,17,11,15,21,12,23,18,16,18,17,20,12,22,19,27,14"
"Araba/Alava,Emigraciones,Aragon,Mujeres,15,3,17,6,24,8,14,18,19,12,21,19,16,14,10,9,17,4,23,11,11,20,13,15,12,18,20,23,23"
"Araba/Alava,Emigraciones,Asturias,Total,25,16,24,20,21,13,11,27,22,38,31,29,38,43,43,27,35,34,36,43,34,40,29,37,47,37,29,33,35"
"Araba/Alava,Emigraciones,Asturias,Hombres,17,10,14,11,12,7,6,14,13,25,21,20,23,24,22,16,19,21,18,19,24,27,15,23,24,15,14,12,14"
"Araba/Alava,Emigraciones,Asturias,Mujeres,7,6,10,9,9,6,5,13,9,13,10,9,15,19,21,11,16,13,18,24,10,13,14,14,23,22,15,21,21"
"Araba/Alava,Emigraciones,Islas Baleares,Total,4,14,4,4,9,2,1,4,4,3,1,7,4,5,6,6,6,5,6,7,3,17,7,2,7,9,10,3,8"
"Araba/Alava,Emigraciones,Islas Baleares,Hombres,0,8,2,2,5,2,0,0,1,1,1,4,3,1,4,5,4,4,4,5,2,9,5,1,2,3,6,1,3"
"Araba/Alava,Emigraciones,Islas Baleares,Mujeres,4,6,2,2,4,0,1,4,3,2,0,3,1,4,2,1,2,1,2,2,1,8,2,1,5,6,4,2,5"
"Araba/Alava,Emigraciones,Canarias,Total,15,6,11,11,11,9,15,9,8,9,10,5,12,15,5,10,11,19,17,15,20,21,20,22,22,32,21,27,24"
"Araba/Alava,Emigraciones,Canarias,Hombres,6,4,0,5,7,1,6,7,2,2,4,4,8,9,3,8,4,12,12,7,12,10,12,12,14,19,12,15,15"
"Araba/Alava,Emigraciones,Canarias,Mujeres,9,2,11,6,4,8,9,3,6,7,6,1,4,6,2,2,7,7,5,8,8,11,8,10,8,13,9,12,9"
"Araba/Alava,Emigraciones,Cantabria,Total,32,25,24,40,21,25,23,61,53,41,33,37,53,50,51,58,52,54,39,40,43,35,30,39,46,40,36,38,48"
"Araba/Alava,Emigraciones,Cantabria,Hombres,12,13,10,21,7,8,11,25,24,17,15,16,25,27,24,34,25,25,20,24,26,20,15,23,26,18,23,24,26"
"Araba/Alava,Emigraciones,Cantabria,Mujeres,20,12,14,19,14,17,12,36,29,24,18,21,28,23,27,24,27,29,19,16,17,15,15,16,20,22,13,14,22"
"Araba/Alava,Emigraciones,Castilla y Leon,Total,331,289,325,463,384,218,343,403,415,447,341,459,543,355,434,413,398,340,324,347,302,319,293,313,309,321,297,385,378"
"Araba/Alava,Emigraciones,Castilla y Leon,Hombres,163,151,168,247,203,113,205,224,227,218,185,239,299,178,233,238,229,184,173,203,176,186,164,165,168,178,168,192,205"
"Araba/Alava,Emigraciones,Castilla y Leon,Mujeres,167,138,157,216,181,105,138,179,188,229,156,220,244,177,201,175,169,156,151,144,126,133,129,148,141,143,129,193,173"
"Araba/Alava,Emigraciones,Castilla0La Mancha,Total,45,26,17,31,33,16,24,16,17,26,31,41,35,38,26,21,28,20,22,23,20,29,31,29,30,33,26,38,36"
"Araba/Alava,Emigraciones,Castilla0La Mancha,Hombres,23,14,10,15,15,11,14,10,11,12,18,24,15,17,9,13,12,11,13,11,8,18,16,16,16,18,12,18,18"
"Araba/Alava,Emigraciones,Castilla0La Mancha,Mujeres,21,12,7,16,18,5,10,7,6,14,13,17,20,21,17,8,16,9,9,12,12,11,15,13,14,15,14,20,18"
"Araba/Alava,Emigraciones,Catalunya,Total,21,31,32,37,41,19,29,33,33,39,39,41,53,46,66,71,62,44,50,68,58,84,70,99,89,61,77,71,64"
"Araba/Alava,Emigraciones,Catalunya,Hombres,9,15,13,17,18,11,13,17,9,28,17,15,19,25,38,40,33,26,27,34,31,44,36,47,45,35,37,32,38"
"Araba/Alava,Emigraciones,Catalunya,Mujeres,12,16,19,20,23,8,16,16,24,11,22,26,34,21,28,31,29,18,23,34,27,40,34,52,44,26,40,39,26"
"Araba/Alava,Emigraciones,Comunidad Valenciana,Total,47,14,20,21,21,9,22,18,23,23,23,18,47,25,22,16,27,33,28,51,49,55,38,60,70,79,68,50,75"
"Araba/Alava,Emigraciones,Comunidad Valenciana,Hombres,28,6,11,9,11,6,11,4,14,13,12,7,21,9,12,8,10,19,14,29,27,28,20,27,35,38,42,25,41"
"Araba/Alava,Emigraciones,Comunidad Valenciana,Mujeres,18,8,9,12,10,3,11,14,9,10,11,11,26,16,10,8,17,14,14,22,22,27,18,33,35,41,26,25,34"
"Araba/Alava,Emigraciones,Extremadura,Total,117,104,102,119,99,54,104,101,135,92,87,121,102,107,100,69,84,76,65,60,51,62,86,72,50,65,51,67,60"
"Araba/Alava,Emigraciones,Extremadura,Hombres,58,59,46,60,49,27,58,45,66,47,45,68,47,57,51,39,41,42,39,34,31,31,42,40,31,39,34,35,38"
"Araba/Alava,Emigraciones,Extremadura,Mujeres,59,45,56,59,50,27,47,56,70,45,42,53,55,50,49,30,43,34,26,26,20,31,44,32,19,26,17,32,22"
"Araba/Alava,Emigraciones,Galicia,Total,86,69,95,89,84,58,81,106,110,116,107,165,130,114,119,145,132,111,98,110,100,132,81,79,94,109,69,115,97"
"Araba/Alava,Emigraciones,Galicia,Hombres,42,36,55,46,46,35,44,60,59,56,57,99,74,65,72,80,79,67,59,67,69,84,45,59,51,70,36,70,49"
"Araba/Alava,Emigraciones,Galicia,Mujeres,43,33,40,43,38,23,37,45,51,60,50,66,56,49,47,65,53,44,39,43,31,48,36,20,43,39,33,45,48"
"Araba/Alava,Emigraciones,Madrid,Total,45,52,57,52,73,42,44,67,92,84,91,69,101,78,83,77,87,95,87,87,102,90,100,90,101,121,89,105,114"
"Araba/Alava,Emigraciones,Madrid,Hombres,20,27,28,29,41,22,19,33,46,42,48,34,51,41,46,32,47,52,40,46,44,46,59,56,47,66,49,60,54"
"Araba/Alava,Emigraciones,Madrid,Mujeres,25,25,29,23,32,20,25,33,46,42,43,35,50,37,37,45,40,43,47,41,58,44,41,34,54,55,40,45,60"
"Araba/Alava,Emigraciones,Murcia,Total,10,14,3,9,7,4,10,20,4,7,2,10,14,5,7,6,9,10,8,20,11,8,13,14,11,13,19,14,23"
"Araba/Alava,Emigraciones,Murcia,Hombres,6,6,1,5,2,2,6,9,2,5,1,7,7,3,5,4,4,4,3,8,3,5,2,8,5,2,7,7,8"
"Araba/Alava,Emigraciones,Murcia,Mujeres,4,8,2,4,5,2,4,10,2,2,1,3,7,2,2,2,5,6,5,12,8,3,11,6,6,11,12,7,15"
"Araba/Alava,Emigraciones,Navarra,Total,69,62,66,60,82,33,65,71,79,86,64,78,91,80,60,81,82,85,90,71,61,66,74,67,67,78,87,71,73"
"Araba/Alava,Emigraciones,Navarra,Hombres,36,31,27,32,45,15,34,34,36,44,26,40,33,30,31,33,34,47,45,33,28,37,37,34,32,39,40,33,33"
"Araba/Alava,Emigraciones,Navarra,Mujeres,32,31,39,28,37,18,31,36,44,42,38,38,58,50,29,48,48,38,45,38,33,29,37,33,35,39,47,38,40"
"Araba/Alava,Emigraciones,Euskadi,Total,675,705,774,899,959,508,937,1256,1227,1219,1376,1358,1740,1453,1323,1462,1288,1196,1089,1132,1149,1103,1244,1150,1283,1124,1279,1339,1280"
"Araba/Alava,Emigraciones,Euskadi,Hombres,367,327,376,449,485,226,494,609,581,579,679,675,836,712,687,720,627,601,518,569,560,544,603,572,679,545,649,701,684"
"Araba/Alava,Emigraciones,Euskadi,Mujeres,307,378,398,450,474,282,443,647,645,640,697,683,904,741,636,742,661,595,571,563,589,559,641,578,604,579,630,638,596"
"Araba/Alava,Emigraciones,La Rioja,Total,113,98,108,104,144,70,154,127,165,136,138,144,146,124,133,125,157,196,140,147,182,141,134,156,146,149,101,144,128"
"Araba/Alava,Emigraciones,La Rioja,Hombres,45,50,56,59,79,38,78,60,82,60,67,68,73,66,59,66,79,93,70,73,95,73,74,76,71,72,49,81,68"
"Araba/Alava,Emigraciones,La Rioja,Mujeres,67,48,52,45,65,32,76,67,83,76,71,76,73,58,74,59,78,103,70,74,87,68,60,80,75,77,52,63,60"
"Araba/Alava,Emigraciones,Ceuta - Melilla,Total,7,2,2,5,7,1,3,6,0,6,1,6,4,6,3,6,4,7,5,5,7,9,4,5,9,4,2,2,8"
"Araba/Alava,Emigraciones,Ceuta - Melilla,Hombres,6,2,1,2,5,1,3,3,0,4,1,4,3,2,2,4,1,4,4,2,5,6,2,4,2,2,1,1,5"
"Araba/Alava,Emigraciones,Ceuta - Melilla,Mujeres,1,0,1,3,2,0,0,2,0,2,0,2,1,4,1,2,3,3,1,3,2,3,2,1,7,2,1,1,3"
"Araba/Alava,Emigraciones,Extranjero,Total,58,51,63,64,92,42,51,105,142,175,298,676,1168,1298,1485,2361,2297,2853,2356,4242,3111,5015,3666,3047,3137,2981,2789,2712,3021"
"Araba/Alava,Emigraciones,Extranjero,Hombres,31,25,27,32,47,18,22,36,64,82,161,383,677,822,998,1396,1434,1794,1524,2765,2028,3257,2340,1835,1874,1827,1657,1579,1749"
"Araba/Alava,Emigraciones,Extranjero,Mujeres,26,26,36,32,45,24,29,69,78,93,137,293,491,476,487,965,863,1059,832,1477,1083,1758,1326,1212,1263,1154,1132,1133,1272"
"Bizkaia,Inmigraciones,Total,Total,5749,4456,4889,5338,5476,4386,6318,7607,8400,12019,15250,15378,17219,18179,19666,23527,24106,22793,20264,20391,22149,18029,16374,16525,17532,20216,20950,23735,27384"
"Bizkaia,Inmigraciones,Total,Hombres,2720,2258,2454,2713,2765,2118,3141,3791,4152,6093,7952,7997,8803,9304,9821,11612,12609,12178,10851,10894,11836,9366,8528,8370,8937,10064,10613,12037,13888"
"Bizkaia,Inmigraciones,Total,Mujeres,3029,2198,2435,2625,2711,2268,3177,3816,4248,5926,7298,7381,8416,8875,9845,11915,11497,10615,9413,9497,10313,8663,7846,8155,8595,10152,10337,11698,13496"
"Bizkaia,Inmigraciones,Andalucia,Total,277,194,227,322,234,192,273,262,247,274,332,357,349,347,344,321,328,359,396,391,540,472,458,453,497,504,477,508,521"
"Bizkaia,Inmigraciones,Andalucia,Hombres,132,99,112,180,112,97,135,132,133,137,175,191,188,199,163,167,170,169,214,183,271,262,215,225,254,272,273,270,285"
"Bizkaia,Inmigraciones,Andalucia,Mujeres,145,95,115,142,122,95,138,130,114,137,157,166,161,148,181,154,158,190,182,208,269,210,243,228,243,232,204,238,236"
"Bizkaia,Inmigraciones,Aragon,Total,83,55,74,61,59,60,66,70,108,93,72,98,82,86,74,83,69,81,72,81,95,98,118,127,114,142,123,117,109"
"Bizkaia,Inmigraciones,Aragon,Hombres,40,30,30,33,29,27,34,35,60,34,44,51,43,47,33,39,28,33,32,37,46,47,58,61,57,65,72,56,60"
"Bizkaia,Inmigraciones,Aragon,Mujeres,43,25,44,28,30,33,32,35,48,59,28,47,39,39,41,44,41,48,40,44,49,51,60,66,57,77,51,61,49"
"Bizkaia,Inmigraciones,Asturias,Total,116,74,75,99,105,60,128,187,122,121,162,169,161,154,124,119,133,129,135,137,171,178,142,170,152,183,169,200,201"
"Bizkaia,Inmigraciones,Asturias,Hombres,42,36,35,49,47,36,61,93,57,59,91,95,84,73,54,57,77,68,76,61,83,84,63,76,79,89,78,114,88"
"Bizkaia,Inmigraciones,Asturias,Mujeres,74,38,40,50,58,24,67,94,65,62,71,74,77,81,70,62,56,61,59,76,88,94,79,94,73,94,91,86,113"
"Bizkaia,Inmigraciones,Islas Baleares,Total,12,11,8,8,15,14,14,13,13,26,26,19,36,24,27,31,41,26,23,28,36,61,43,39,33,49,54,44,35"
"Bizkaia,Inmigraciones,Islas Baleares,Hombres,6,4,6,6,8,6,5,7,7,13,15,12,10,12,12,12,18,16,8,12,16,29,26,23,10,25,29,15,21"
"Bizkaia,Inmigraciones,Islas Baleares,Mujeres,6,7,2,2,7,8,9,6,6,13,11,7,26,12,15,19,23,10,15,16,20,32,17,16,23,24,25,29,14"
"Bizkaia,Inmigraciones,Canarias,Total,23,17,25,26,37,25,34,30,37,49,56,53,60,72,70,59,78,79,87,93,128,81,113,96,100,120,103,101,100"
"Bizkaia,Inmigraciones,Canarias,Hombres,7,10,11,15,19,13,21,13,22,32,28,25,21,41,36,24,49,41,39,50,63,51,58,47,48,57,49,64,45"
"Bizkaia,Inmigraciones,Canarias,Mujeres,16,7,14,11,18,12,13,17,15,17,28,28,39,31,34,35,29,38,48,43,65,30,55,49,52,63,54,37,55"
"Bizkaia,Inmigraciones,Cantabria,Total,286,239,249,272,285,304,320,392,371,351,389,405,393,436,408,389,370,377,411,391,426,438,365,418,381,436,436,384,459"
"Bizkaia,Inmigraciones,Cantabria,Hombres,136,119,124,111,140,157,145,191,181,175,210,194,197,225,211,179,191,209,222,210,207,214,173,212,199,223,219,199,225"
"Bizkaia,Inmigraciones,Cantabria,Mujeres,150,120,125,161,145,147,175,201,190,176,179,211,196,211,197,210,179,168,189,181,219,224,192,206,182,213,217,185,234"
"Bizkaia,Inmigraciones,Castilla y Leon,Total,1213,749,841,827,923,834,999,1098,1119,1216,1320,1186,1290,1169,1104,1004,1115,962,909,943,1080,1034,946,895,948,994,932,891,896"
"Bizkaia,Inmigraciones,Castilla y Leon,Hombres,516,363,427,411,462,387,508,526,580,606,700,608,635,569,515,475,534,465,451,450,523,501,447,436,469,460,479,449,450"
"Bizkaia,Inmigraciones,Castilla y Leon,Mujeres,697,386,414,416,461,447,491,572,539,610,620,578,655,600,589,529,581,497,458,493,557,533,499,459,479,534,453,442,446"
"Bizkaia,Inmigraciones,Castilla0La Mancha,Total,80,53,62,75,55,52,66,77,69,88,109,81,107,98,95,86,97,117,111,104,135,130,142,143,146,141,142,158,113"
"Bizkaia,Inmigraciones,Castilla0La Mancha,Hombres,39,26,29,37,33,21,35,39,30,48,53,38,60,54,43,42,50,59,65,57,72,67,63,58,71,68,69,81,66"
"Bizkaia,Inmigraciones,Castilla0La Mancha,Mujeres,41,27,33,38,22,31,31,38,39,40,56,43,47,44,52,44,47,58,46,47,63,63,79,85,75,73,73,77,47"
"Bizkaia,Inmigraciones,Catalunya,Total,109,72,95,118,100,81,108,126,122,133,166,180,210,230,227,231,232,259,266,240,308,294,318,279,374,306,241,309,316"
"Bizkaia,Inmigraciones,Catalunya,Hombres,56,33,47,57,49,34,52,59,70,56,85,104,108,111,116,115,127,138,140,115,166,149,161,130,160,161,123,167,153"
"Bizkaia,Inmigraciones,Catalunya,Mujeres,53,39,48,61,51,47,56,67,52,77,81,76,102,119,111,116,105,121,126,125,142,145,157,149,214,145,118,142,163"
"Bizkaia,Inmigraciones,Comunidad Valenciana,Total,89,31,57,65,62,31,50,78,62,82,87,127,127,111,111,122,143,147,186,211,202,207,220,241,249,214,189,211,205"
"Bizkaia,Inmigraciones,Comunidad Valenciana,Hombres,41,15,21,30,34,13,28,41,31,44,45,68,55,58,54,56,66,74,89,110,96,103,122,106,121,111,101,97,113"
"Bizkaia,Inmigraciones,Comunidad Valenciana,Mujeres,48,16,36,35,28,18,22,37,31,38,42,59,72,53,57,66,77,73,97,101,106,104,98,135,128,103,88,114,92"
"Bizkaia,Inmigraciones,Extremadura,Total,195,138,151,156,180,154,166,199,179,226,261,203,278,202,226,193,207,188,165,181,223,209,172,204,217,213,188,195,227"
"Bizkaia,Inmigraciones,Extremadura,Hombres,103,70,78,79,92,70,77,92,92,120,146,125,147,108,115,98,101,90,89,89,109,117,92,94,121,113,92,102,104"
"Bizkaia,Inmigraciones,Extremadura,Mujeres,92,68,73,77,88,84,89,107,87,106,115,78,131,94,111,95,106,98,76,92,114,92,80,110,96,100,96,93,123"
"Bizkaia,Inmigraciones,Galicia,Total,434,269,221,293,322,238,300,371,383,420,499,484,484,469,419,368,372,384,340,367,372,384,376,339,425,360,366,354,339"
"Bizkaia,Inmigraciones,Galicia,Hombres,211,151,116,152,170,104,156,213,192,249,270,260,266,270,210,193,196,198,171,195,198,188,184,180,210,189,193,193,167"
"Bizkaia,Inmigraciones,Galicia,Mujeres,223,118,105,141,152,134,144,158,191,171,229,224,218,199,209,175,176,186,169,172,174,196,192,159,215,171,173,161,172"
"Bizkaia,Inmigraciones,Madrid,Total,197,180,168,205,196,183,213,262,266,240,315,314,333,330,344,297,331,340,357,358,435,416,434,446,466,435,443,481,532"
"Bizkaia,Inmigraciones,Madrid,Hombres,85,92,73,107,100,76,115,144,132,127,181,144,186,157,176,148,171,183,201,186,215,212,208,229,220,219,237,264,280"
"Bizkaia,Inmigraciones,Madrid,Mujeres,112,88,95,98,96,107,98,118,134,113,134,170,147,173,168,149,160,157,156,172,220,204,226,217,246,216,206,217,252"
"Bizkaia,Inmigraciones,Murcia,Total,22,20,7,31,27,15,25,16,31,25,15,39,38,23,32,26,35,63,47,56,51,52,57,80,66,62,70,75,82"
"Bizkaia,Inmigraciones,Murcia,Hombres,8,9,4,21,13,7,13,9,9,15,6,22,15,13,13,17,18,39,32,26,26,29,27,43,37,34,28,28,38"
"Bizkaia,Inmigraciones,Murcia,Mujeres,14,11,3,10,14,8,12,7,22,10,9,17,23,10,19,9,17,24,15,30,25,23,30,37,29,28,42,47,44"
"Bizkaia,Inmigraciones,Navarra,Total,127,69,74,105,102,103,121,110,133,132,137,170,176,178,177,126,158,144,152,127,161,137,175,134,168,180,187,191,170"
"Bizkaia,Inmigraciones,Navarra,Hombres,45,34,43,57,43,51,56,49,56,73,67,87,84,86,80,54,74,70,68,58,63,59,91,65,68,88,89,83,77"
"Bizkaia,Inmigraciones,Navarra,Mujeres,82,35,31,48,59,52,65,61,77,59,70,83,92,92,97,72,84,74,84,69,98,78,84,69,100,92,98,108,93"
"Bizkaia,Inmigraciones,Euskadi,Total,1736,1731,1973,2040,2055,1636,2375,2675,2824,3410,3825,3556,4005,3746,3648,3515,3540,3625,3739,3762,4394,3953,3336,3913,3770,3878,3702,3336,3574"
"Bizkaia,Inmigraciones,Euskadi,Hombres,859,881,1003,1063,1076,831,1218,1409,1469,1817,2104,1878,2051,1952,1898,1771,1802,1874,1989,2035,2365,2129,1759,2131,2070,2051,2020,1791,1939"
"Bizkaia,Inmigraciones,Euskadi,Mujeres,877,850,970,977,979,805,1157,1266,1355,1593,1721,1678,1954,1794,1750,1744,1738,1751,1750,1727,2029,1824,1577,1782,1700,1827,1682,1545,1635"
"Bizkaia,Inmigraciones,La Rioja,Total,136,82,101,104,91,81,97,116,118,115,112,119,96,111,127,123,101,98,100,104,130,118,113,107,109,122,129,123,114"
"Bizkaia,Inmigraciones,La Rioja,Hombres,60,42,49,40,45,42,42,55,57,53,58,56,46,55,54,54,49,53,43,46,67,61,64,47,53,52,65,60,55"
"Bizkaia,Inmigraciones,La Rioja,Mujeres,76,40,52,64,46,39,55,61,61,62,54,63,50,56,73,69,52,45,57,58,63,57,49,60,56,70,64,63,59"
"Bizkaia,Inmigraciones,Ceuta - Melilla,Total,4,5,3,10,7,1,5,9,16,7,15,15,6,14,15,16,5,10,15,19,24,13,16,29,19,19,20,24,25"
"Bizkaia,Inmigraciones,Ceuta - Melilla,Hombres,3,2,1,3,1,0,3,7,7,5,10,6,3,6,7,10,1,4,11,15,12,5,9,12,4,11,11,12,16"
"Bizkaia,Inmigraciones,Ceuta - Melilla,Mujeres,1,3,2,7,6,1,2,2,9,2,5,9,3,8,8,6,4,6,4,4,12,8,7,17,15,8,9,12,9"
"Bizkaia,Inmigraciones,Extranjero,Total,610,467,478,521,621,322,958,1516,2180,5011,7352,7803,8988,10379,12094,16418,16751,15405,12753,12798,13238,9754,8830,8412,9298,11858,12979,16033,19366"
"Bizkaia,Inmigraciones,Extranjero,Hombres,331,242,245,262,292,146,437,677,967,2430,3664,4033,4604,5268,6031,8101,8887,8395,6911,6959,7238,5059,4708,4195,4686,5776,6386,7992,9706"
"Bizkaia,Inmigraciones,Extranjero,Mujeres,279,225,233,259,329,176,521,839,1213,2581,3688,3770,4384,5111,6063,8317,7864,7010,5842,5839,6000,4695,4122,4217,4612,6082,6593,8041,9660"
"Bizkaia,Emigraciones,Total,Total,8101,7663,7622,9088,9113,7522,8267,9791,10024,11161,12547,13279,14856,14007,13616,16860,16361,15443,18119,18020,18352,18630,19414,16181,16562,15896,15592,16711,16305"
"Bizkaia,Emigraciones,Total,Hombres,3979,3886,3876,4663,4702,3787,4217,5041,5093,5746,6548,6934,7795,7307,7201,8891,8511,8211,9999,9775,10098,10237,10498,8594,8672,8348,8170,8746,8377"
"Bizkaia,Emigraciones,Total,Mujeres,4122,3777,3746,4425,4411,3735,4049,4750,4931,5415,5999,6345,7061,6700,6415,7969,7850,7232,8120,8245,8254,8393,8916,7587,7890,7548,7422,7965,7928"
"Bizkaia,Emigraciones,Andalucia,Total,466,373,350,464,419,259,294,346,351,411,439,392,434,412,372,423,383,286,321,372,382,334,316,358,362,365,318,430,325"
"Bizkaia,Emigraciones,Andalucia,Hombres,235,191,193,269,220,129,154,163,197,221,236,202,242,224,207,228,196,158,170,191,210,176,163,186,176,204,172,234,186"
"Bizkaia,Emigraciones,Andalucia,Mujeres,230,182,157,195,199,130,141,183,154,190,203,190,192,188,165,195,187,128,151,181,172,158,153,172,186,161,146,196,139"
"Bizkaia,Emigraciones,Aragon,Total,70,76,47,81,66,35,66,67,68,72,89,87,84,65,63,90,65,65,78,53,71,82,61,69,57,67,76,76,80"
"Bizkaia,Emigraciones,Aragon,Hombres,34,38,27,46,28,18,35,30,36,34,46,49,50,34,28,38,38,32,32,31,39,43,25,35,33,30,38,37,47"
"Bizkaia,Emigraciones,Aragon,Mujeres,36,38,20,35,38,17,31,37,31,38,43,38,34,31,35,52,27,33,46,22,32,39,36,34,24,37,38,39,33"
"Bizkaia,Emigraciones,Asturias,Total,109,70,101,84,104,56,110,135,142,145,120,150,143,133,121,155,138,110,102,119,129,121,114,105,133,123,108,128,134"
"Bizkaia,Emigraciones,Asturias,Hombres,58,28,50,45,45,28,48,57,75,69,57,78,87,71,65,74,66,61,56,59,69,56,49,57,69,73,55,63,61"
"Bizkaia,Emigraciones,Asturias,Mujeres,51,42,51,39,59,28,62,78,66,76,63,72,56,62,56,81,72,49,46,60,60,65,65,48,64,50,53,65,73"
"Bizkaia,Emigraciones,Islas Baleares,Total,12,6,13,8,13,5,12,9,14,18,10,12,14,17,10,18,17,23,27,22,29,26,41,27,29,29,48,38,27"
"Bizkaia,Emigraciones,Islas Baleares,Hombres,7,2,9,5,10,1,8,2,10,7,8,6,6,5,2,7,4,9,15,8,16,15,15,12,16,13,24,19,8"
"Bizkaia,Emigraciones,Islas Baleares,Mujeres,4,4,4,3,3,4,3,7,4,11,2,6,8,12,8,11,13,14,12,14,13,11,26,15,13,16,24,19,19"
"Bizkaia,Emigraciones,Canarias,Total,15,14,21,24,23,14,19,13,25,26,31,35,56,28,35,53,50,47,54,52,67,94,85,73,78,56,73,70,71"
"Bizkaia,Emigraciones,Canarias,Hombres,9,5,11,12,13,10,5,11,8,11,14,24,26,14,19,28,24,26,29,25,36,55,49,36,42,31,35,34,36"
"Bizkaia,Emigraciones,Canarias,Mujeres,6,9,10,12,10,4,13,2,16,15,17,11,30,14,16,25,26,21,25,27,31,39,36,37,36,25,38,36,35"
"Bizkaia,Emigraciones,Cantabria,Total,248,269,241,363,332,190,289,402,407,410,387,439,448,417,371,452,399,350,334,380,331,298,264,278,322,321,299,334,287"
"Bizkaia,Emigraciones,Cantabria,Hombres,108,135,109,171,164,86,140,201,203,205,192,212,225,201,188,218,206,193,175,181,164,163,139,139,169,163,140,169,152"
"Bizkaia,Emigraciones,Cantabria,Mujeres,139,134,132,192,168,104,149,201,203,205,195,227,223,216,183,234,193,157,159,199,167,135,125,139,153,158,159,165,135"
"Bizkaia,Emigraciones,Castilla y Leon,Total,1227,1166,1255,1374,1317,867,1211,1360,1433,1464,1457,1502,1506,1258,1208,1428,1226,999,961,1093,984,772,778,833,804,771,744,817,759"
"Bizkaia,Emigraciones,Castilla y Leon,Hombres,623,579,640,714,678,429,639,700,735,791,787,796,784,663,658,750,627,538,493,528,496,391,370,423,413,389,376,382,371"
"Bizkaia,Emigraciones,Castilla y Leon,Mujeres,604,587,615,660,639,438,572,661,698,673,670,706,722,595,550,678,599,461,468,565,488,381,408,410,391,382,368,435,388"
"Bizkaia,Emigraciones,Castilla0La Mancha,Total,145,113,107,153,111,68,113,93,109,114,136,129,116,126,110,128,94,101,104,108,92,93,96,87,107,92,93,102,104"
"Bizkaia,Emigraciones,Castilla0La Mancha,Hombres,69,56,62,86,67,36,53,48,53,60,81,71,59,62,58,63,42,53,56,64,51,48,49,41,54,53,40,61,54"
"Bizkaia,Emigraciones,Castilla0La Mancha,Mujeres,76,57,45,67,44,32,60,46,55,54,55,58,57,64,52,65,52,48,48,44,41,45,47,46,53,39,53,41,50"
"Bizkaia,Emigraciones,Catalunya,Total,106,91,69,106,76,62,57,103,103,104,122,122,111,148,133,151,157,162,146,176,160,193,185,213,220,187,201,218,225"
"Bizkaia,Emigraciones,Catalunya,Hombres,56,47,31,53,36,33,24,42,47,52,60,60,49,80,59,85,84,82,81,95,86,100,78,116,114,86,94,115,117"
"Bizkaia,Emigraciones,Catalunya,Mujeres,50,44,38,53,40,29,33,61,55,52,62,62,62,68,74,66,73,80,65,81,74,93,107,97,106,101,107,103,108"
"Bizkaia,Emigraciones,Comunidad Valenciana,Total,69,55,47,52,47,51,39,58,53,62,64,80,90,67,86,98,95,97,96,118,121,126,121,161,139,165,128,143,149"
"Bizkaia,Emigraciones,Comunidad Valenciana,Hombres,34,30,18,23,27,26,20,27,27,30,29,44,49,36,39,54,51,53,48,68,57,73,69,75,69,84,73,76,69"
"Bizkaia,Emigraciones,Comunidad Valenciana,Mujeres,34,25,29,29,20,25,19,31,26,32,35,36,41,31,47,44,44,44,48,50,64,53,52,86,70,81,55,67,80"
"Bizkaia,Emigraciones,Extremadura,Total,335,316,319,342,370,245,255,339,279,320,346,292,349,321,303,328,294,242,256,250,224,200,185,179,194,167,166,166,168"
"Bizkaia,Emigraciones,Extremadura,Hombres,167,160,167,173,193,129,130,184,138,168,202,156,170,179,163,178,158,136,144,148,123,110,100,93,108,88,97,92,80"
"Bizkaia,Emigraciones,Extremadura,Mujeres,167,156,152,169,177,116,125,155,141,152,144,136,179,142,140,150,136,106,112,102,101,90,85,86,86,79,69,74,88"
"Bizkaia,Emigraciones,Galicia,Total,521,493,520,573,524,353,487,505,537,562,616,619,628,587,575,581,532,408,468,426,393,362,364,390,402,321,315,321,304"
"Bizkaia,Emigraciones,Galicia,Hombres,246,253,279,306,262,184,264,290,295,307,318,358,357,316,319,330,288,225,258,230,220,209,187,203,213,152,162,172,163"
"Bizkaia,Emigraciones,Galicia,Mujeres,274,240,241,267,262,169,223,215,242,255,298,261,271,271,256,251,244,183,210,196,173,153,177,187,189,169,153,149,141"
"Bizkaia,Emigraciones,Madrid,Total,185,162,114,164,163,94,124,170,183,188,219,223,261,228,232,266,259,286,246,258,289,306,289,270,330,284,261,293,285"
"Bizkaia,Emigraciones,Madrid,Hombres,86,74,60,85,92,52,64,90,93,94,142,121,131,124,130,143,135,145,144,145,146,152,142,141,169,144,128,158,144"
"Bizkaia,Emigraciones,Madrid,Mujeres,98,88,54,79,71,42,59,80,90,94,77,102,130,104,102,123,124,141,102,113,143,154,147,129,161,140,133,135,141"
"Bizkaia,Emigraciones,Murcia,Total,56,20,18,22,17,16,29,22,26,18,19,20,35,32,19,31,27,30,38,32,25,33,34,25,39,38,34,47,45"
"Bizkaia,Emigraciones,Murcia,Hombres,25,12,7,10,12,6,14,10,10,12,10,11,24,16,9,14,15,20,23,17,15,16,18,14,16,18,21,22,25"
"Bizkaia,Emigraciones,Murcia,Mujeres,31,8,11,12,5,10,15,12,16,6,9,9,11,16,10,17,12,10,15,15,10,17,16,11,23,20,13,25,20"
"Bizkaia,Emigraciones,Navarra,Total,102,87,87,118,120,73,92,143,120,133,136,110,139,140,125,104,131,132,98,126,113,108,108,95,121,103,126,125,108"
"Bizkaia,Emigraciones,Navarra,Hombres,42,44,40,57,57,32,44,68,62,59,66,51,62,72,63,53,58,65,50,58,53,45,53,51,62,51,58,59,44"
"Bizkaia,Emigraciones,Navarra,Mujeres,59,43,47,61,63,41,48,75,58,74,70,59,77,68,62,51,73,67,48,68,60,63,55,44,59,52,68,66,64"
"Bizkaia,Emigraciones,Euskadi,Total,4106,4009,3979,4815,5051,4787,4741,5586,5648,6056,6816,6626,7710,6970,6235,6694,6747,5911,5233,5212,5115,4376,5316,4939,5179,4826,4879,5224,5163"
"Bizkaia,Emigraciones,Euskadi,Hombres,2020,2054,2004,2445,2602,2410,2417,2893,2838,3077,3521,3344,4023,3515,3133,3471,3431,2918,2677,2643,2620,2245,2705,2545,2701,2562,2551,2749,2660"
"Bizkaia,Emigraciones,Euskadi,Mujeres,2086,1955,1975,2370,2449,2377,2324,2693,2810,2979,3295,3282,3687,3455,3102,3223,3316,2993,2556,2569,2495,2131,2611,2394,2478,2264,2328,2475,2503"
"Bizkaia,Emigraciones,La Rioja,Total,124,84,124,122,133,65,109,122,150,143,130,112,141,103,109,116,112,76,84,105,65,85,102,93,116,89,68,97,93"
"Bizkaia,Emigraciones,La Rioja,Hombres,59,46,55,63,71,32,51,57,72,73,68,61,63,53,52,52,45,43,44,43,36,48,51,46,59,50,26,45,50"
"Bizkaia,Emigraciones,La Rioja,Mujeres,64,38,69,59,62,33,57,66,78,70,62,51,78,50,57,64,67,33,40,62,29,37,51,47,57,39,42,52,43"
"Bizkaia,Emigraciones,Ceuta - Melilla,Total,29,10,6,13,10,4,7,6,8,12,11,10,19,19,17,18,12,7,16,15,14,20,12,18,24,8,14,16,21"
"Bizkaia,Emigraciones,Ceuta - Melilla,Hombres,17,8,3,4,2,3,2,4,6,7,5,7,11,8,10,7,6,6,12,4,7,10,7,11,10,5,9,11,11"
"Bizkaia,Emigraciones,Ceuta - Melilla,Mujeres,12,2,3,9,8,1,4,2,2,5,6,3,8,11,7,11,6,1,4,11,7,10,5,7,14,3,5,5,10"
"Bizkaia,Emigraciones,Extranjero,Total,167,249,204,210,217,278,213,311,371,903,1399,2319,2572,2936,3492,5726,5623,6111,9457,9103,9748,11001,10943,7968,7906,7884,7641,8066,7957"
"Bizkaia,Emigraciones,Extranjero,Hombres,76,124,111,96,123,143,103,164,186,469,706,1283,1377,1634,1999,3098,3037,3448,5492,5237,5654,6282,6229,4370,4179,4152,4071,4248,4099"
"Bizkaia,Emigraciones,Extranjero,Mujeres,91,125,93,114,94,135,110,147,185,434,693,1036,1195,1302,1493,2628,2586,2663,3965,3866,4094,4719,4714,3598,3727,3732,3570,3818,3858"
"Gipuzkoa,Inmigraciones,Total,Total,4237,2937,2987,3438,3484,4497,3758,4117,4700,6001,7760,7359,8046,8095,10374,11644,14327,13535,10799,10845,11196,10619,11520,12306,12165,13013,13578,15119,16544"
"Gipuzkoa,Inmigraciones,Total,Hombres,2075,1435,1475,1759,1698,2183,1871,2046,2345,2999,4079,3830,4071,4202,5433,6007,7831,7279,5546,5566,5823,5601,6155,6642,6285,6610,6864,7861,8594"
"Gipuzkoa,Inmigraciones,Total,Mujeres,2162,1502,1512,1679,1786,2314,1887,2071,2355,3002,3681,3529,3975,3893,4941,5637,6496,6256,5253,5279,5373,5018,5365,5664,5880,6403,6714,7258,7950"
"Gipuzkoa,Inmigraciones,Andalucia,Total,210,116,126,219,148,193,205,205,218,290,377,192,195,227,188,194,198,219,256,308,272,322,333,356,331,355,321,331,306"
"Gipuzkoa,Inmigraciones,Andalucia,Hombres,97,67,66,125,70,110,112,108,128,160,231,107,116,119,93,98,95,119,142,177,153,166,158,203,180,184,177,177,180"
"Gipuzkoa,Inmigraciones,Andalucia,Mujeres,113,49,60,94,78,83,93,97,90,130,146,85,79,108,95,96,103,100,114,131,119,156,175,153,151,171,144,154,126"
"Gipuzkoa,Inmigraciones,Aragon,Total,77,66,55,57,64,74,48,101,81,104,123,81,94,90,64,74,65,69,91,71,78,108,87,110,67,111,110,90,86"
"Gipuzkoa,Inmigraciones,Aragon,Hombres,35,41,30,31,26,33,29,47,31,44,73,46,45,43,34,27,28,39,52,31,44,57,40,57,36,60,58,55,34"
"Gipuzkoa,Inmigraciones,Aragon,Mujeres,42,25,25,26,38,41,19,54,50,60,50,35,49,47,30,47,37,30,39,40,34,51,47,53,31,51,52,35,52"
"Gipuzkoa,Inmigraciones,Asturias,Total,62,50,31,55,46,43,54,63,59,82,79,61,66,63,56,49,60,50,64,79,79,91,67,94,66,98,114,103,100"
"Gipuzkoa,Inmigraciones,Asturias,Hombres,25,22,17,27,27,16,30,30,32,40,44,41,34,35,25,20,31,28,44,46,39,38,35,51,35,53,50,55,54"
"Gipuzkoa,Inmigraciones,Asturias,Mujeres,37,28,14,28,19,27,24,33,27,42,35,20,32,28,31,29,29,22,20,33,40,53,32,43,31,45,64,48,46"
"Gipuzkoa,Inmigraciones,Islas Baleares,Total,8,6,11,10,18,21,14,20,28,35,42,19,33,31,22,12,17,23,16,22,19,29,28,35,38,36,39,31,33"
"Gipuzkoa,Inmigraciones,Islas Baleares,Hombres,6,5,5,7,10,7,7,12,13,15,22,2,15,7,8,7,11,16,7,9,6,15,17,23,19,14,18,14,19"
"Gipuzkoa,Inmigraciones,Islas Baleares,Mujeres,2,1,6,3,8,14,7,8,15,20,20,17,18,24,14,5,6,7,9,13,13,14,11,12,19,22,21,17,14"
"Gipuzkoa,Inmigraciones,Canarias,Total,16,8,26,22,23,25,15,19,25,40,56,45,46,33,31,33,29,44,38,48,66,48,82,84,67,72,67,47,57"
"Gipuzkoa,Inmigraciones,Canarias,Hombres,6,3,14,11,8,10,6,5,7,17,30,28,24,17,15,20,18,18,22,25,30,24,36,51,37,33,41,20,32"
"Gipuzkoa,Inmigraciones,Canarias,Mujeres,10,5,12,11,15,15,9,14,18,23,26,17,22,16,16,13,11,26,16,23,36,24,46,33,30,39,26,27,25"
"Gipuzkoa,Inmigraciones,Cantabria,Total,64,36,35,34,46,47,53,50,54,55,103,51,45,70,64,49,63,58,62,79,61,64,67,60,52,71,48,62,70"
"Gipuzkoa,Inmigraciones,Cantabria,Hombres,32,21,16,21,21,27,26,29,26,33,58,28,22,39,30,22,34,34,31,43,33,37,26,31,25,36,25,34,37"
"Gipuzkoa,Inmigraciones,Cantabria,Mujeres,32,15,19,13,25,20,27,21,28,22,45,23,23,31,34,27,29,24,31,36,28,27,41,29,27,35,23,28,33"
"Gipuzkoa,Inmigraciones,Castilla y Leon,Total,570,318,315,354,350,500,431,487,555,578,647,497,463,468,394,398,377,384,361,362,402,374,410,395,384,400,400,365,393"
"Gipuzkoa,Inmigraciones,Castilla y Leon,Hombres,279,145,159,169,171,236,206,222,270,273,338,253,230,218,195,198,188,171,172,171,193,171,208,212,201,205,194,200,207"
"Gipuzkoa,Inmigraciones,Castilla y Leon,Mujeres,291,173,156,185,179,264,225,265,285,305,309,244,233,250,199,200,189,213,189,191,209,203,202,183,183,195,206,165,186"
"Gipuzkoa,Inmigraciones,Castilla0La Mancha,Total,46,36,26,47,61,55,54,62,93,194,289,87,67,72,47,47,55,58,57,54,71,99,101,105,100,87,81,81,90"
"Gipuzkoa,Inmigraciones,Castilla0La Mancha,Hombres,21,19,12,28,30,28,25,31,50,104,186,45,35,42,27,19,29,29,34,30,37,58,39,56,50,45,47,46,50"
"Gipuzkoa,Inmigraciones,Castilla0La Mancha,Mujeres,25,17,14,19,31,27,29,31,43,90,103,42,32,30,20,28,26,29,23,24,34,41,62,49,50,42,34,35,40"
"Gipuzkoa,Inmigraciones,Catalunya,Total,109,79,62,95,92,116,95,108,165,310,389,142,151,145,168,177,166,183,162,188,213,277,296,317,258,297,252,252,209"
"Gipuzkoa,Inmigraciones,Catalunya,Hombres,52,40,30,53,42,52,41,53,83,144,171,71,60,91,88,91,88,97,77,103,101,133,166,156,134,145,135,138,122"
"Gipuzkoa,Inmigraciones,Catalunya,Mujeres,57,39,32,42,50,64,54,55,82,166,218,71,91,54,80,86,78,86,85,85,112,144,130,161,124,152,117,114,87"
"Gipuzkoa,Inmigraciones,Comunidad Valenciana,Total,42,27,42,49,35,49,58,75,77,88,133,57,63,73,71,64,80,88,89,106,140,180,155,179,173,143,158,144,131"
"Gipuzkoa,Inmigraciones,Comunidad Valenciana,Hombres,13,10,18,34,13,20,29,37,40,47,79,28,30,33,33,30,40,45,43,46,77,91,88,105,94,66,73,75,64"
"Gipuzkoa,Inmigraciones,Comunidad Valenciana,Mujeres,29,17,24,15,22,29,29,38,37,41,54,29,33,40,38,34,40,43,46,60,63,89,67,74,79,77,85,69,67"
"Gipuzkoa,Inmigraciones,Extremadura,Total,244,205,153,173,196,247,238,258,279,336,303,255,199,193,190,162,190,152,157,135,160,171,190,177,179,149,152,176,137"
"Gipuzkoa,Inmigraciones,Extremadura,Hombres,112,104,82,99,100,112,116,133,146,185,165,155,109,93,98,70,96,76,73,67,84,100,94,94,88,79,85,102,86"
"Gipuzkoa,Inmigraciones,Extremadura,Mujeres,132,101,71,74,96,135,122,125,133,151,138,100,90,100,92,92,94,76,84,68,76,71,96,83,91,70,67,74,51"
"Gipuzkoa,Inmigraciones,Galicia,Total,224,137,112,153,134,185,208,222,233,318,345,230,250,233,285,246,205,197,173,220,192,207,212,229,199,215,224,183,192"
"Gipuzkoa,Inmigraciones,Galicia,Hombres,123,64,56,79,66,77,108,115,114,168,200,126,143,127,155,126,109,102,108,120,111,120,112,121,117,134,122,99,113"
"Gipuzkoa,Inmigraciones,Galicia,Mujeres,101,73,56,74,68,108,100,107,119,150,145,104,107,106,130,120,96,95,65,100,81,87,100,108,82,81,102,84,79"
"Gipuzkoa,Inmigraciones,Madrid,Total,141,121,127,144,150,171,197,226,274,353,433,199,189,233,224,181,221,184,211,192,238,287,317,293,316,282,296,318,342"
"Gipuzkoa,Inmigraciones,Madrid,Hombres,77,54,60,68,64,81,96,116,141,208,288,109,104,122,96,94,107,89,105,107,110,160,164,143,165,147,158,165,180"
"Gipuzkoa,Inmigraciones,Madrid,Mujeres,64,67,67,76,86,90,101,110,133,145,145,90,85,111,128,87,114,95,106,85,128,127,153,150,151,135,138,153,162"
"Gipuzkoa,Inmigraciones,Murcia,Total,19,19,8,28,11,13,12,17,11,11,18,12,17,19,17,23,22,29,31,33,29,32,44,81,49,61,35,59,57"
"Gipuzkoa,Inmigraciones,Murcia,Hombres,11,6,4,16,6,9,7,7,7,7,13,9,6,8,8,8,11,15,19,17,16,15,17,43,22,32,18,32,27"
"Gipuzkoa,Inmigraciones,Murcia,Mujeres,8,13,4,12,5,4,5,10,4,4,5,3,11,11,9,15,11,14,12,16,13,17,27,38,27,29,17,27,30"
"Gipuzkoa,Inmigraciones,Navarra,Total,465,214,236,250,288,359,258,306,287,336,358,302,323,300,358,320,298,315,274,290,288,327,331,322,327,288,320,350,341"
"Gipuzkoa,Inmigraciones,Navarra,Hombres,211,100,113,117,122,175,121,140,149,162,157,136,141,140,172,132,139,153,128,119,146,149,161,164,160,139,168,180,173"
"Gipuzkoa,Inmigraciones,Navarra,Mujeres,254,114,123,133,166,184,137,166,138,174,201,166,182,160,186,188,159,162,146,171,142,178,170,158,167,149,152,170,168"
"Gipuzkoa,Inmigraciones,Euskadi,Total,1124,1017,1200,1267,1342,1980,1342,1499,1567,1757,2065,1599,1751,1564,1759,1590,1577,1575,1707,1720,1694,1879,1720,1930,1869,1872,1834,1820,1724"
"Gipuzkoa,Inmigraciones,Euskadi,Hombres,545,487,584,626,703,1008,687,771,787,897,1029,810,883,791,869,811,796,777,878,887,859,1012,862,1007,977,1003,959,958,906"
"Gipuzkoa,Inmigraciones,Euskadi,Mujeres,579,530,616,641,639,972,655,728,780,860,1036,789,868,773,890,779,781,798,829,833,835,867,858,923,892,869,875,862,818"
"Gipuzkoa,Inmigraciones,La Rioja,Total,66,56,70,51,45,121,98,98,116,141,168,80,79,97,62,49,45,61,38,54,56,71,67,76,62,76,70,56,71"
"Gipuzkoa,Inmigraciones,La Rioja,Hombres,35,22,35,25,14,43,28,37,59,71,95,38,41,58,25,22,23,32,19,24,25,31,36,40,34,38,29,28,32"
"Gipuzkoa,Inmigraciones,La Rioja,Mujeres,31,34,35,26,31,78,70,61,57,70,73,42,38,39,37,27,22,29,19,30,31,40,31,36,28,38,41,28,39"
"Gipuzkoa,Inmigraciones,Ceuta - Melilla,Total,7,3,8,18,9,10,12,16,14,24,46,18,35,20,10,7,7,10,6,15,6,16,18,23,22,15,20,9,26"
"Gipuzkoa,Inmigraciones,Ceuta - Melilla,Hombres,3,2,5,11,2,5,6,7,4,10,22,8,18,15,4,4,3,6,4,6,3,9,9,11,13,6,12,5,17"
"Gipuzkoa,Inmigraciones,Ceuta - Melilla,Mujeres,4,1,3,7,7,5,6,9,10,14,24,10,17,5,6,3,4,4,2,9,3,7,9,12,9,9,8,4,9"
"Gipuzkoa,Inmigraciones,Extranjero,Total,743,423,344,412,426,288,366,285,564,949,1786,3432,3980,4164,6364,7969,10652,9836,7006,6869,7132,6037,6995,7440,7606,8385,9037,10642,12179"
"Gipuzkoa,Inmigraciones,Extranjero,Hombres,392,223,169,212,203,134,191,146,258,414,878,1790,2015,2204,3458,4208,5985,5433,3588,3538,3756,3215,3887,4074,3898,4191,4495,5478,6261"
"Gipuzkoa,Inmigraciones,Extranjero,Mujeres,351,200,175,200,223,154,175,139,306,535,908,1642,1965,1960,2906,3761,4667,4403,3418,3331,3376,2822,3108,3366,3708,4194,4542,5164,5918"
"Gipuzkoa,Emigraciones,Total,Total,4703,4264,4584,4906,4769,5611,3929,4224,4542,4559,5000,5556,6659,6744,6672,8700,8643,9194,9092,8815,9031,8538,10477,10271,10328,9936,10319,10131,10851"
"Gipuzkoa,Emigraciones,Total,Hombres,2282,2161,2272,2404,2383,2863,1959,2073,2223,2258,2527,2779,3342,3545,3587,4562,4639,5067,5096,4850,4912,4635,5857,5604,5664,5396,5584,5305,5854"
"Gipuzkoa,Emigraciones,Total,Mujeres,2420,2103,2312,2502,2386,2748,1970,2151,2319,2301,2473,2777,3317,3199,3085,4138,4004,4127,3996,3965,4119,3903,4620,4667,4664,4540,4735,4826,4997"
"Gipuzkoa,Emigraciones,Andalucia,Total,189,177,160,201,199,194,153,156,198,188,187,230,247,255,184,179,170,171,179,205,199,194,272,257,260,222,197,214,274"
"Gipuzkoa,Emigraciones,Andalucia,Hombres,94,87,90,105,110,102,82,80,97,104,113,127,155,151,98,87,97,91,90,112,106,114,137,136,134,135,102,113,157"
"Gipuzkoa,Emigraciones,Andalucia,Mujeres,95,90,70,96,89,92,70,76,102,84,74,103,92,104,86,92,73,80,89,93,93,80,135,121,126,87,95,101,117"
"Gipuzkoa,Emigraciones,Aragon,Total,45,36,44,54,56,61,59,51,53,38,54,61,91,70,63,71,50,42,48,64,57,56,47,69,71,63,71,91,63"
"Gipuzkoa,Emigraciones,Aragon,Hombres,15,16,28,32,30,29,29,28,22,20,22,30,57,42,31,31,31,21,18,38,31,29,22,46,33,35,43,46,37"
"Gipuzkoa,Emigraciones,Aragon,Mujeres,29,20,16,22,26,32,29,23,31,18,32,31,34,28,32,40,19,21,30,26,26,27,25,23,38,28,28,45,26"
"Gipuzkoa,Emigraciones,Asturias,Total,43,51,56,37,55,39,42,46,51,42,52,60,62,70,61,45,49,61,46,42,44,70,55,52,66,55,64,92,80"
"Gipuzkoa,Emigraciones,Asturias,Hombres,21,31,31,12,29,22,18,23,20,18,31,36,37,40,32,23,19,33,31,26,25,42,33,25,29,26,33,47,40"
"Gipuzkoa,Emigraciones,Asturias,Mujeres,21,20,25,25,26,17,24,23,31,24,21,24,25,30,29,22,30,28,15,16,19,28,22,27,37,29,31,45,40"
"Gipuzkoa,Emigraciones,Islas Baleares,Total,9,6,2,14,8,8,5,21,19,8,21,18,21,23,11,10,11,13,18,11,14,12,24,27,19,20,19,34,30"
"Gipuzkoa,Emigraciones,Islas Baleares,Hombres,7,6,2,8,3,5,3,8,9,5,9,14,12,15,5,6,4,7,10,7,3,6,10,15,8,12,10,15,16"
"Gipuzkoa,Emigraciones,Islas Baleares,Mujeres,1,0,0,6,5,3,2,13,10,3,12,4,9,8,6,4,7,6,8,4,11,6,14,12,11,8,9,19,14"
"Gipuzkoa,Emigraciones,Canarias,Total,18,13,16,14,19,10,10,8,18,5,17,9,26,30,20,11,22,30,24,31,29,52,40,50,52,49,39,47,63"
"Gipuzkoa,Emigraciones,Canarias,Hombres,7,8,6,8,11,7,6,2,4,0,8,7,11,16,10,5,12,17,15,15,13,32,19,27,27,21,16,24,41"
"Gipuzkoa,Emigraciones,Canarias,Mujeres,10,5,10,6,8,3,4,6,13,5,9,2,15,14,10,6,10,13,9,16,16,20,21,23,25,28,23,23,22"
"Gipuzkoa,Emigraciones,Cantabria,Total,47,33,56,49,58,50,33,46,41,58,46,61,67,73,51,53,60,62,54,52,72,38,50,63,43,50,62,49,49"
"Gipuzkoa,Emigraciones,Cantabria,Hombres,23,14,25,22,23,23,19,25,23,33,24,35,31,38,24,25,32,29,31,30,45,21,33,29,26,31,36,22,27"
"Gipuzkoa,Emigraciones,Cantabria,Mujeres,23,19,31,27,35,27,14,21,18,25,22,26,36,35,27,28,28,33,23,22,27,17,17,34,17,19,26,27,22"
"Gipuzkoa,Emigraciones,Castilla y Leon,Total,613,511,514,549,534,519,408,417,462,496,508,477,538,530,481,523,477,486,387,415,401,311,334,373,343,300,315,321,372"
"Gipuzkoa,Emigraciones,Castilla y Leon,Hombres,307,277,260,269,278,280,188,192,249,254,274,248,285,267,262,274,247,261,216,206,211,154,167,200,191,156,168,169,206"
"Gipuzkoa,Emigraciones,Castilla y Leon,Mujeres,306,234,254,280,256,239,220,225,213,242,234,229,253,263,219,249,230,225,171,209,190,157,167,173,152,144,147,152,166"
"Gipuzkoa,Emigraciones,Castilla0La Mancha,Total,65,52,51,54,57,46,60,47,48,65,78,88,138,119,67,57,53,49,39,50,42,39,43,52,70,50,59,57,69"
"Gipuzkoa,Emigraciones,Castilla0La Mancha,Hombres,31,29,26,30,30,19,31,24,26,35,47,55,72,55,38,33,30,28,21,30,28,19,17,25,41,27,25,30,33"
"Gipuzkoa,Emigraciones,Castilla0La Mancha,Mujeres,34,23,25,24,27,27,29,23,22,30,31,33,66,64,29,24,23,21,18,20,14,20,26,27,29,23,34,27,36"
"Gipuzkoa,Emigraciones,Catalunya,Total,69,54,59,54,57,49,45,48,66,64,82,117,133,113,109,120,109,104,121,125,133,95,152,173,168,193,168,159,190"
"Gipuzkoa,Emigraciones,Catalunya,Hombres,34,31,26,23,31,26,15,25,30,28,35,61,59,49,60,60,55,58,65,71,69,51,76,97,92,100,101,75,108"
"Gipuzkoa,Emigraciones,Catalunya,Mujeres,34,23,33,31,26,23,29,22,36,36,47,56,74,64,49,60,54,46,56,54,64,44,76,76,76,93,67,84,82"
"Gipuzkoa,Emigraciones,Comunidad Valenciana,Total,43,32,33,31,33,33,24,22,50,37,42,51,61,66,61,42,47,42,57,57,70,81,90,97,109,108,97,91,131"
"Gipuzkoa,Emigraciones,Comunidad Valenciana,Hombres,18,12,14,19,23,16,11,9,23,14,21,28,28,38,32,20,27,19,28,32,36,39,40,55,68,61,50,45,67"
"Gipuzkoa,Emigraciones,Comunidad Valenciana,Mujeres,25,20,19,12,10,17,12,12,26,23,21,23,33,28,29,22,20,23,29,25,34,42,50,42,41,47,47,46,64"
"Gipuzkoa,Emigraciones,Extremadura,Total,323,279,327,360,282,280,242,220,281,264,235,292,301,278,240,218,195,173,196,219,151,133,172,136,164,146,139,153,152"
"Gipuzkoa,Emigraciones,Extremadura,Hombres,161,139,171,187,151,155,135,110,139,140,131,146,158,138,121,111,95,98,106,130,87,66,97,79,89,73,75,84,85"
"Gipuzkoa,Emigraciones,Extremadura,Mujeres,161,140,156,173,131,125,107,110,142,124,104,146,143,140,119,107,100,75,90,89,64,67,75,57,75,73,64,69,67"
"Gipuzkoa,Emigraciones,Galicia,Total,254,215,200,250,225,209,172,171,157,204,254,265,283,276,238,233,256,227,221,213,229,205,199,177,197,146,193,201,192"
"Gipuzkoa,Emigraciones,Galicia,Hombres,141,106,102,124,120,102,95,87,90,102,136,141,150,160,119,138,141,129,134,124,117,126,119,101,113,87,114,97,108"
"Gipuzkoa,Emigraciones,Galicia,Mujeres,113,109,98,126,105,107,77,84,67,102,118,124,133,116,119,95,115,98,87,89,112,79,80,76,84,59,79,104,84"
"Gipuzkoa,Emigraciones,Madrid,Total,113,83,76,84,116,110,89,108,113,121,152,155,247,244,138,174,165,174,133,152,160,176,175,187,214,180,189,199,204"
"Gipuzkoa,Emigraciones,Madrid,Hombres,40,46,38,35,60,57,46,55,50,65,78,89,127,161,74,79,89,83,63,85,84,96,85,98,105,100,88,105,109"
"Gipuzkoa,Emigraciones,Madrid,Mujeres,72,37,38,49,56,53,43,54,63,56,74,66,120,83,64,95,76,91,70,67,76,80,90,89,109,80,101,94,95"
"Gipuzkoa,Emigraciones,Murcia,Total,14,21,14,21,13,13,8,12,14,15,16,11,9,21,11,18,12,22,15,17,21,16,16,26,28,31,41,35,33"
"Gipuzkoa,Emigraciones,Murcia,Hombres,7,6,6,13,10,7,4,7,8,8,12,4,8,10,7,6,5,8,8,11,13,8,8,14,11,13,23,16,16"
"Gipuzkoa,Emigraciones,Murcia,Mujeres,6,15,8,8,3,6,3,5,7,7,4,7,1,11,4,12,7,14,7,6,8,8,8,12,17,18,18,19,17"
"Gipuzkoa,Emigraciones,Navarra,Total,208,178,235,248,234,237,185,214,244,218,195,235,260,243,237,263,227,218,222,199,203,198,184,249,246,205,199,220,217"
"Gipuzkoa,Emigraciones,Navarra,Hombres,109,84,108,115,112,111,87,104,124,114,96,102,120,120,111,126,106,94,111,88,92,81,83,129,119,106,83,105,105"
"Gipuzkoa,Emigraciones,Navarra,Mujeres,98,94,127,133,122,126,98,109,121,104,99,133,140,123,126,137,121,124,111,111,111,117,101,120,127,99,116,115,112"
"Gipuzkoa,Emigraciones,Euskadi,Total,2417,2315,2490,2639,2563,3542,2273,2464,2489,2478,2718,2908,3458,3195,2934,2904,3296,2871,2666,2652,2770,2385,2940,2635,2786,2630,2636,2703,2714"
"Gipuzkoa,Emigraciones,Euskadi,Hombres,1142,1146,1198,1278,1233,1788,1133,1201,1208,1189,1328,1413,1661,1589,1481,1440,1638,1447,1353,1370,1402,1217,1572,1356,1421,1320,1371,1337,1401"
"Gipuzkoa,Emigraciones,Euskadi,Mujeres,1274,1169,1292,1361,1330,1754,1140,1263,1281,1289,1390,1495,1797,1606,1453,1464,1658,1424,1313,1282,1368,1168,1368,1279,1365,1310,1265,1366,1313"
"Gipuzkoa,Emigraciones,La Rioja,Total,76,49,55,59,60,85,53,87,100,73,76,75,130,101,50,51,53,59,55,54,34,55,56,62,55,53,44,58,52"
"Gipuzkoa,Emigraciones,La Rioja,Hombres,42,29,28,34,27,45,20,46,43,33,40,41,65,64,22,25,27,30,32,29,18,24,27,26,24,21,22,25,29"
"Gipuzkoa,Emigraciones,La Rioja,Mujeres,34,20,27,25,33,40,33,41,58,40,36,34,65,37,28,26,26,29,23,25,16,31,29,36,31,32,22,33,23"
"Gipuzkoa,Emigraciones,Ceuta - Melilla,Total,7,10,3,15,12,18,9,6,7,4,12,12,27,25,9,5,5,6,6,10,5,6,12,19,15,12,9,9,13"
"Gipuzkoa,Emigraciones,Ceuta - Melilla,Hombres,3,7,1,9,7,10,6,1,4,2,4,7,14,14,4,2,1,2,2,4,1,3,8,8,8,8,5,7,8"
"Gipuzkoa,Emigraciones,Ceuta - Melilla,Mujeres,4,3,2,6,5,8,3,5,3,2,8,5,13,11,5,3,4,4,4,6,4,3,4,11,7,4,4,2,5"
"Gipuzkoa,Emigraciones,Extranjero,Total,139,149,193,173,188,108,60,80,131,181,255,431,560,1012,1707,3723,3386,4384,4605,4247,4397,4416,5616,5567,5422,5423,5778,5398,5953"
"Gipuzkoa,Emigraciones,Extranjero,Hombres,69,87,112,81,95,59,29,45,55,94,118,195,292,578,1056,2071,1983,2612,2762,2442,2531,2507,3304,3138,3125,3064,3219,2943,3261"
"Gipuzkoa,Emigraciones,Extranjero,Mujeres,70,62,81,92,93,49,31,35,76,87,137,236,268,434,651,1652,1403,1772,1843,1805,1866,1909,2312,2429,2297,2359,2559,2455,2692"
